title,journal,year
Unlearned Lessons,NATION,2023
Organizational unlearning: A risky food safety strategy?,COMPREHENSIVE REVIEWS IN FOOD SCIENCE AND FOOD SAFETY,2023
"White Christian Nationalism: What Is It, and Why Does It Matter for",EDUCATIONAL RESEARCHER,2023
Of ties and lies: Ethical disruptions in Oyinkan Braithwaite's My Sister,JOURNAL OF POSTCOLONIAL WRITING,2023
Linking unlearning with the intention to recommend through destination,INTERNATIONAL JOURNAL OF TOURISM CITIES,2023
Expectations generated based on associative learning guide visual search,FOOD QUALITY AND PREFERENCE,2023
A supervised machine learning technique for combustion diagnosis using a,FUEL,2023
Spatially-resolved bending recognition based on a learning-empowered,OPTICS EXPRESS,2023
Action-effect knowledge transfers to similar effect stimuli,PSYCHOLOGICAL RESEARCH-PSYCHOLOGISCHE FORSCHUNG,2023
Post-apartheid whiteness and unlearning racism,JOURNAL OF SOUTHERN AFRICAN STUDIES,2023
Situating decolonial strategies within methodologies-in/as-practices: A,SOCIOLOGICAL REVIEW,2023
Off-policy and on-policy reinforcement learning with the Tsetlin machine,APPLIED INTELLIGENCE,2023
Strategies for and Barriers to Collaboratively Developing Anti-Racist,EARTHS FUTURE,2023
Compressed Particle-Based Federated Bayesian Learning and Unlearning,IEEE COMMUNICATIONS LETTERS,2023
Vapor recompression: An interesting option for vacuum columns?,CHEMICAL ENGINEERING RESEARCH & DESIGN,2023
"arbol Que Nace Torcido, Jamas Su Tronco Endereza/tree that is born",QUALITATIVE RESEARCH JOURNAL,2023
Dynamic Incremental Learning for real-time disturbance event,INTERNATIONAL JOURNAL OF ELECTRICAL POWER & ENERGY SYSTEMS,2023
The Queering Accounting Manifesto,CRITICAL PERSPECTIVES ON ACCOUNTING,2023
Unlearning in sustainability transitions: Insight from two Dutch,ENVIRONMENTAL INNOVATION AND SOCIETAL TRANSITIONS,2023
"Progress, decolonization and global justice: a tragic view",INTERNATIONAL AFFAIRS,2023
Robust Deep Reinforcement Learning Scheduling via Weight Anchoring,IEEE COMMUNICATIONS LETTERS,2023
Contextual modulation of appearance-trait learning,COGNITION,2023
Working towards relational accountability in education change networks,COGENT EDUCATION,2022
Proximal policy optimization guidance algorithm for intercepting,AEROSPACE SCIENCE AND TECHNOLOGY,2022
Can We Unlearn Racism? What South Africa Teaches Us About Whiteness,SOCIOLOGY OF RACE AND ETHNICITY,2022
Impact of the person-centred intervention guided self-determination,SCANDINAVIAN JOURNAL OF CARING SCIENCES,2022
Understanding dietary behaviour change after a diagnosis of diabetes: A,PLOS ONE,2022
A Self-Study of My Parallel Journey of Unlearning and Relearning Using,STUDYING TEACHER EDUCATION,2022
A Pedagogy of Unbecoming for Geoscience Otherwise,ANNALS OF THE AMERICAN ASSOCIATION OF GEOGRAPHERS,2022
"Lessons Learned, Lessons Unlearned, Lessons for the Future",CHEST,2022
EMBODIMENT AND MANAGEMENT LEARNING: UNDERSTANDING THE ROLE OF BODILY,ACADEMY OF MANAGEMENT LEARNING & EDUCATION,2022
Locally Weighted Learning Robot Control With Improved Parameter,IEEE TRANSACTIONS ON INDUSTRIAL ELECTRONICS,2022
Motion Learning and Rapid Generalization for Musculoskeletal Systems,IEEE TRANSACTIONS ON COGNITIVE AND DEVELOPMENTAL SYSTEMS,2022
Effect of short-term methylphenidate on social impairment in children,CHILD AND ADOLESCENT PSYCHIATRY AND MENTAL HEALTH,2022
Fast prototype selection algorithm based on adjacent neighbourhood and,SCIENTIFIC REPORTS,2022
"Unlearning, uncovering and becoming: experiencing academic writing as",TEACHING IN HIGHER EDUCATION,2022
Definition and attributes of the emotional memory images underlying,FRONTIERS IN PSYCHOLOGY,2022
Organizational Learning for Sustainable Semiconductor Supply Chain,SUSTAINABILITY,2022
"From COVID-19 to Monkeypox: Unlearned Lessons for Black, Latino, and",AMERICAN JOURNAL OF PUBLIC HEALTH,2022
Domain Adversarial Neural Network-Based Intrusion Detection System for,IEEE COMMUNICATIONS LETTERS,2022
Frame-rate up-conversion detection based on convolutional neural network,FORENSIC SCIENCE INTERNATIONAL,2022
Opto-extinction of a threat memory in mice,BRAIN RESEARCH BULLETIN,2022
Haunted by (Ontological) Ancestors and Bodies in Precarity: Religious,RELIGIOUS EDUCATION,2022
Teachers' Perceptions of and Concerns About Integrating Computational,AFRICAN JOURNAL OF RESEARCH IN MATHEMATICS SCIENCE AND TECHNOLOGY,2022
Overcoming reading disabilities among teenage students with learning,EDUCATION AND INFORMATION TECHNOLOGIES,2022
Sustainable deimplementation of continuous pulse oximetry monitoring in,IMPLEMENTATION SCIENCE,2022
What Pre-clinical Rat Models Can Tell Us About Anxiety Across the,CURRENT PSYCHIATRY REPORTS,2022
The case for unlearning health systems,HEALTHCARE-THE JOURNAL OF DELIVERY SCIENCE AND INNOVATION,2022
View incremental decremental multi-view discriminant analysis,APPLIED INTELLIGENCE,2022
Beyond reflective practice: Blogging-with Place as a diffractive,CONTEMPORARY ISSUES IN EARLY CHILDHOOD,2022
UNICON: Uncertainty-Conditioned Policy for Robust Behavior in Unfamiliar,IEEE ROBOTICS AND AUTOMATION LETTERS,2022
Educational knowledge and knowledge of bodies: an unlearning to re-exist,REVISTA HISTORIA-DEBATES E TENDENCIAS,2022
Integrative Review of Absorptive Capacity's Role in Fostering,SUSTAINABILITY,2022
Not Your Submissive China Doll: Counseling Asian American Female,ASIAN AMERICAN JOURNAL OF PSYCHOLOGY,2022
Milnacipran Ameliorates Executive Function Impairments following Frontal,JOURNAL OF NEUROTRAUMA,2022
D-linked and non-d-linked wh-questions in L2 French and L3 English,IRAL-INTERNATIONAL REVIEW OF APPLIED LINGUISTICS IN LANGUAGE TEACHING,2022
Multi-tiered systems of support for school attendance and its problems:,FRONTIERS IN EDUCATION,2022
Invited Reaction 1: Theorizing Human Resource Development Practices in,HUMAN RESOURCE DEVELOPMENT REVIEW,2022
Coping with Knowledge Inertia for Improving R&D Team Creativity by Using,MATHEMATICAL PROBLEMS IN ENGINEERING,2022
Western Sahara's Unlearned Lessons,MIDDLE EAST POLICY,2022
Unlearning school attendance and its problems: Moving from historical,FRONTIERS IN EDUCATION,2022
Data-Driven Prediction of Experimental Hydrodynamic Data of the Manta,JOURNAL OF MARINE SCIENCE AND ENGINEERING,2022
African Studies Keyword: Oka,AFRICAN STUDIES REVIEW,2022
Certifiable Unlearning Pipelines for Logistic Regression: An,MACHINE LEARNING AND KNOWLEDGE EXTRACTION,2022
ECONOMIC LITERACY OTHERWISE: A CRITICAL REFLECTION ON EDUCATING FOR,POLICY & PRACTICE-A DEVELOPMENT EDUCATION REVIEW,2022
Federated Unlearning: Guarantee the Right of Clients to Forget,IEEE NETWORK,2022
How We Get Free: Graduate Training as an Opportunity for Equitable,PERSPECTIVES ON PSYCHOLOGICAL SCIENCE,2022
A pedagogy of generosity: On the topicality of Deleuze and Guattari's,EDUCATIONAL PHILOSOPHY AND THEORY,2022
"Black bodies, Black queens, and the Black sisterhood on social media:",JOURNAL OF YOUTH STUDIES,2022
Label-only membership inference attacks on machine unlearning without,INTERNATIONAL JOURNAL OF INTELLIGENT SYSTEMS,2022
"The whore gaze as the world burns: A conversation between PJ Starr,",GLOBAL PUBLIC HEALTH,2022
How Does Organizational Unlearning Influence Product Innovation,FRONTIERS IN PSYCHOLOGY,2022
Active forgetting via influence estimation for neural networks,INTERNATIONAL JOURNAL OF INTELLIGENT SYSTEMS,2022
Effects of goal orientation and unlearning on individual exploration,JOURNAL OF WORKPLACE LEARNING,2022
Revolution and Rehearsal in the Global South Unlearning the Archive,COMPARATIVE STUDIES OF SOUTH ASIA AFRICA AND THE MIDDLE EAST,2022
Ignorance: Aesthetic unlearning,JOURNAL OF PHILOSOPHY OF EDUCATION,2022
"Government Supports, Digital Capability, and Organizational Resilience",SUSTAINABILITY,2022
Perspectives of Hybrid Performing Arts Education in the Post-Pandemic,SUSTAINABILITY,2022
"""Emotional Proximity"" and ""Spatial Proximity"": Higher Relationship",ANIMALS,2022
Unlearning organized numbness through poetic synesthesia: A study in,MANAGEMENT LEARNING,2022
Machine unlearning: linear filtration for logit-based classifiers,MACHINE LEARNING,2022
Doubting leadership: principals sharing a school doubting process within,JOURNAL OF EDUCATIONAL ADMINISTRATION AND HISTORY,2022
Secular discernment: A process of individual unlearning and collective,MANAGEMENT LEARNING,2022
Resisting and unlearning dehumanising language in nursing and healthcare,NURSE EDUCATION TODAY,2022
Seriously Seeking a Christian Theology to Resist White Supremacy,THEOLOGY TODAY,2022
"""You have to know that you know that you know"": Cognitive Reasoning and",JOURNAL OF COLLEGE STUDENT DEVELOPMENT,2022
"Speculative fiction as ""decolonial option"": Towards a ""vulnerable",JOURNAL OF POSTCOLONIAL WRITING,2022
The role of 'non-knowledge' in crisis policymaking: a proposal and,EVIDENCE & POLICY,2022
Effect of knowledge management on innovative performance with the,VINE JOURNAL OF INFORMATION AND KNOWLEDGE MANAGEMENT SYSTEMS,2022
Intersectional Sensibilities and the Spatial Analyses of Ida B.,PROFESSIONAL GEOGRAPHER,2022
A VALUES-BASED APPROACH TO RADICAL INNOVATION: FACILITATING THE,INTERNATIONAL JOURNAL OF INNOVATION MANAGEMENT,2022
Behind the Scenes: Teaching the Sociology of Tourism Abroad,TEACHING SOCIOLOGY,2022
An integrated review of fear and avoidance learning in anxiety disorders,NEW IDEAS IN PSYCHOLOGY,2022
Parallel futures? Indigenous resurgence and the haunting of the settler,FUTURES,2022
Editorial: Unlearning of Aggressive Behavior and Mechanisms of Change,FRONTIERS IN PSYCHIATRY,2022
"Unlearning Ableism: Design Knowledge, Contested Models, and the",JOURNAL OF DESIGN HISTORY,2022
"""Something Is Happening"": Medical Realism and the Problem of Acting in",MODERN DRAMA,2022
(Re)Learning What It Means to Participate Bringing Student and Teacher,ELEMENTARY SCHOOL JOURNAL,2022
Decision Making for Self-Driving Vehicles in Unexpected Environments,ELECTRONICS,2022
Negotiating the Insider/Outsider Researcher Position within Qualitative,QUALITATIVE REPORT,2022
Sex Differences in the Activity of Basolateral Amygdalar Neurons That,JOURNAL OF NEUROSCIENCE,2022
Equity-based CS Case Study: An Approach to Exploring White Teachers',ACM TRANSACTIONS ON COMPUTING EDUCATION,2022
Humility imparts the wonders of nature: a virtue-ethical elaboration of,ENVIRONMENTAL EDUCATION RESEARCH,2022
Spatio-Temporally Efficient Coding Assigns Functions to Hierarchical,FRONTIERS IN COMPUTATIONAL NEUROSCIENCE,2022
Dopamine modulates visual threat processing in the superior colliculus,ISCIENCE,2022
Improve the Deep Learning Models in Forestry Based on Explanations and,FRONTIERS IN PLANT SCIENCE,2022
Inhibitory control hinders habit change,SCIENTIFIC REPORTS,2022
An adaptive estimation method with exploration and exploitation modes,PATTERN RECOGNITION,2022
Heritage Education in Pre-colonial Settlements: Are There Differences in,REVISTA ELECTRONICA EDUCARE,2022
Mission and Decoloniality. Notes for a Latin American Missionary,PERSPECTIVA TEOLOGICA,2022
Memory reconsolidation and the crisis of mechanism in psychotherapy,NEW IDEAS IN PSYCHOLOGY,2022
How elementary prospective teachers use three fraction models: their,JOURNAL OF MATHEMATICS TEACHER EDUCATION,2022
"Unlearning colonial constructs: conception, pregnancy, birth and infancy",ALTERNATIVE-AN INTERNATIONAL JOURNAL OF INDIGENOUS PEOPLES,2022
"Taking back taste in food bank Britain: on privilege, failure and",CULTURAL GEOGRAPHIES,2022
Engaging decolonization: lessons toward a theory of change for,TEACHING IN HIGHER EDUCATION,2022
Predicting chemical ecotoxicity by learning latent space chemical,ENVIRONMENT INTERNATIONAL,2022
Distinct neurocognitive mechanisms underlying learning and,CEREBRAL CORTEX,2022
"""It just fills you up"": The culture of monthly community singing events",RESEARCH STUDIES IN MUSIC EDUCATION,2022
A Randomized Clinical Trial of Acceptance and Commitment Therapy and the,JOURNAL OF CONSULTING AND CLINICAL PSYCHOLOGY,2022
Forgetting to learn and learning to forget: the call for organizational,EUROPEAN JOURNAL OF TRAINING AND DEVELOPMENT,2022
Breaches of the didactic contract as a driving force behind learning and,TEACHING MATHEMATICS AND ITS APPLICATIONS,2022
Rejecting Novel Motions in High-Density Myoelectric Pattern Recognition,FRONTIERS IN NEUROROBOTICS,2022
Motivating youth engagement in sustainable agriculture: institutional,DEVELOPMENT IN PRACTICE,2022
"Unlearning: Rethinking Poetics, Pandemics and the Politics of Knowledge",FOLKLORE,2022
Supervised perceptron learning vs unsupervised Hebbian unlearning:,JOURNAL OF CHEMICAL PHYSICS,2022
Normalising interdisciplinary role-based goal setting in inpatient brain,DISABILITY AND REHABILITATION,2022
Vocal recognition of distance calls in a group-living basal bird: the,ANIMAL BEHAVIOUR,2022
Unlearning History: Mark Teh and the Spectres of Baling,THEATRE RESEARCH INTERNATIONAL,2022
A human resources development professional's framework for competencies,NEW HORIZONS IN ADULT EDUCATION AND HUMAN RESOURCE DEVELOPMENT,2022
RE-AIM Evaluation of a Mentored Honors Projects in Urban Mental Health,JOURNAL OF THE AMERICAN PSYCHIATRIC NURSES ASSOCIATION,2022
"'Becoming the song': Alice Parker, community singing and unlearning",INTERNATIONAL JOURNAL OF COMMUNITY MUSIC,2022
Attitude Control of a Moving Mass-Actuated UAV Based on Deep,JOURNAL OF AEROSPACE ENGINEERING,2022
"Can ""organizational unlearning"" be the normalizer for purposeful",LEARNING ORGANIZATION,2022
Building Organizational Resilience Through Organizational Learning: A,FRONTIERS IN COMMUNICATION,2022
Non-parametric multiple inputs prediction model for magnetic field,SCIENTIFIC REPORTS,2022
Tentacular Classrooms: Feminist Transformative Learning for Thinking and,JOURNAL OF TRANSFORMATIVE EDUCATION,2022
Promoting de-implementation of inappropriate antimicrobial use in,IMPLEMENTATION SCIENCE,2022
Undoing and Unsaying Islamophobia: Toward a Restorative and,HORIZONS,2022
Learning and unlearning: Settler engagements in long-term,ETHNICITIES,2022
The negotiations of Pakistani mothers' agency with structure: towards a,GENDER AND EDUCATION,2022
Mindful unlearning in unprecedented times: Implications for management,MANAGEMENT LEARNING,2022
Knowledge recontextualization by returnee entrepreneurs: The dynamic,JOURNAL OF INTERNATIONAL MANAGEMENT,2022
Indigenous Trans-Systemic Research Approach,QUALITATIVE INQUIRY,2022
Separated by a Common Language: How the Nature of Code Differences,MANAGEMENT SCIENCE,2022
Toward a general theory of expatriates' cross-cultural adjustment,INTERNATIONAL STUDIES OF MANAGEMENT & ORGANIZATION,2022
'A CRUCIAL UNLEARNING': SAIKAT MAJUMDAR IN CONVERSATION,WASAFIRI,2022
The homeless student - and recovering a sense of belonging,JOURNAL OF UNIVERSITY TEACHING AND LEARNING PRACTICE,2022
Detecting Melanoma Fairly: Skin Tone Detection and Debiasing for Skin,DOMAIN ADAPTATION AND REPRESENTATION TRANSFER (DART 2022),2022
Can We Unlearn Racism?,CAN WE UNLEARN RACISM?: What South Africa Teaches Us about Whiteness,2022
Turning Leadership Upside-Down and Outside-In During the COVID-19,CANADIAN JOURNAL OF EDUCATIONAL ADMINISTRATION AND POLICY,2022
Recommendation Unlearning,PROCEEDINGS OF THE ACM WEB CONFERENCE 2022 (WWW'22),2022
Near-Optimal Task Selection for Meta-Learning with Mutual Information,"INTERNATIONAL CONFERENCE ON ARTIFICIAL INTELLIGENCE AND STATISTICS, VOL",2022
"Should all Infantile Hemangiomas be Treated? - Time to Learn, Unlearn,",INDIAN JOURNAL OF PAEDIATRIC DERMATOLOGY,2022
Evidence that endpoint feedback facilitates intermanual transfer of,JOURNAL OF NEUROPHYSIOLOGY,2022
Learn and unlearn. Roland Barthes' seminars (1962-1977),452 F-REVISTA DE TEORIA DE LA LITERATURA Y LITERATURA COMPARADA,2022
Unlearning Protected User Attributes in Recommendations with Adversarial,PROCEEDINGS OF THE 45TH INTERNATIONAL ACM SIGIR CONFERENCE ON RESEARCH,2022
FORGET-SVGD: PARTICLE-BASED BAYESIAN FEDERATED UNLEARNING,2022 IEEE DATA SCIENCE AND LEARNING WORKSHOP (DSLW),2022
An Independently Learnable Hierarchical Model for Bilateral,IEEE ACCESS,2022
Sensory-Motor Learning for Simultaneous Control of Motion and Force:,2022 IEEE/SICE INTERNATIONAL SYMPOSIUM ON SYSTEM INTEGRATION (SII 2022),2022
Efficient Two-stage Model Retraining for Machine Unlearning,2022 IEEE/CVF CONFERENCE ON COMPUTER VISION AND PATTERN RECOGNITION,2022
Beyond the Policy Gradient Theorem for Efficient Policy Updates in,"INTERNATIONAL CONFERENCE ON ARTIFICIAL INTELLIGENCE AND STATISTICS, VOL",2022
The Different Immune Responses by Age Are due to the Ability of the,INTERNATIONAL JOURNAL OF BIOLOGICAL SCIENCES,2022
Discover and Mitigate Unknown Biases with Debiasing Alternate Networks,"COMPUTER VISION, ECCV 2022, PT XIII",2022
Backdoor Defense with Machine Unlearning,IEEE CONFERENCE ON COMPUTER COMMUNICATIONS (IEEE INFOCOM 2022),2022
The Right to be Forgotten in Federated Learning: An Efficient,IEEE CONFERENCE ON COMPUTER COMMUNICATIONS (IEEE INFOCOM 2022),2022
Unlearning for teachers crazy about deconditioning. Reflective sessions,ARTETERAPIA-PAPELES DE ARTETERAPIA Y EDUCACION ARTISTICA PARA LA,2022
FP2-MIA: A Membership Inference Attack Free of Posterior Probability in,"PROVABLE AND PRACTICAL SECURITY, PROVSEC 2022",2022
Hard to Forget: Poisoning Attacks on Certified Machine Unlearning,THIRTY-SIXTH AAAI CONFERENCE ON ARTIFICIAL INTELLIGENCE / THIRTY-FOURTH,2022
Deep Unlearning via Randomized Conditionally Independent Hessians,2022 IEEE/CVF CONFERENCE ON COMPUTER VISION AND PATTERN RECOGNITION,2022
Beneficial effect of multilingualism in resolving L3 structural,LINGUISTIC RESEARCH,2022
Modeling Fabric-Type Actuator Using Point Clouds by Deep Learning,IEEE ACCESS,2022
Markov Chain Monte Carlo-Based Machine Unlearning: Unlearning What Needs,ASIA CCS'22: PROCEEDINGS OF THE 2022 ACM ASIA CONFERENCE ON COMPUTER AND,2022
Gradual and Tolerant Programming for Novices,PROCEEDINGS OF THE 2022 IEEE GLOBAL ENGINEERING EDUCATION CONFERENCE,2022
Strategies for Working Remotely: Responding to Pandemic-Driven Change,"HCI IN BUSINESS, GOVERNMENT AND ORGANIZATIONS, HCIBGO 2022",2022
Tracking Untrained Objects Based On Optical Flow Approach,2022 IEEE INTERNATIONAL CONFERENCE ON BIG DATA AND SMART COMPUTING (IEEE,2022
Between People and Place: Folklore Pertaining to the Natural Environment,INTERNATIONAL JOURNAL OF INTANGIBLE HERITAGE,2022
Critical Inquiry With Children as an Unlearning Process: A South Korean,INTERNATIONAL JOURNAL OF QUALITATIVE METHODS,2022
Poison Forensics: Traceback of Data Poisoning Attacks in Neural Networks,PROCEEDINGS OF THE 31ST USENIX SECURITY SYMPOSIUM,2022
Customer Experience in Circular Economy: Experiential Dimensions among,SUSTAINABILITY,2022
Unrolling SGD: Understanding Factors Influencing Machine Unlearning,2022 IEEE 7TH EUROPEAN SYMPOSIUM ON SECURITY AND PRIVACY (EUROS&P 2022),2022
On the Necessity of Auditable Algorithmic Definitions for Machine,PROCEEDINGS OF THE 31ST USENIX SECURITY SYMPOSIUM,2022
Federated Unlearning via Class-Discriminative Pruning,PROCEEDINGS OF THE ACM WEB CONFERENCE 2022 (WWW'22),2022
Reinforcement Learning-Based Composite Controller for Cable-Driven,IEEE ACCESS,2022
Learning with Recoverable Forgetting,"COMPUTER VISION, ECCV 2022, PT XI",2022
The impact of learning new meaning on the previously learned meaning of,PSYCHOPHYSIOLOGY,2021
COVID-19 and Tuberculosis-A Global Tale of Hubris and Lessons Unlearned?,FRONTIERS IN MEDICINE,2021
"Testing the Efficacy of 'Unlearning', a Mindfulness and Compassion-Based",FRONTIERS IN PSYCHOLOGY,2021
Movement pedagogies in pandemic times: Extinction Rebellion Netherlands,GLOBALIZATIONS,2021
How we learn whiteness: Disciplining and resisting management knowledge,MANAGEMENT LEARNING,2021
Beyond El Arrebato: the seven stages of Conocimiento as instruments for,REFERENCE SERVICES REVIEW,2021
"Goal orientation, critical reflection, and unlearning: An",HUMAN RESOURCE DEVELOPMENT QUARTERLY,2021
Learning and Unlearning: Two Social Workers' Autoethnographic,JOURNAL OF PROGRESSIVE HUMAN SERVICES,2021
"Dopamine, behavior, and addiction",JOURNAL OF BIOMEDICAL SCIENCE,2021
New Horizons: Is Obesity a Disorder of Neurotransmission?,JOURNAL OF CLINICAL ENDOCRINOLOGY & METABOLISM,2021
Revisiting Distant Relations,GENEALOGY,2021
Compressed sensing for photoacoustic computed tomography based on an,BIOMEDICAL OPTICS EXPRESS,2021
Higher Consciousness Management: Transcendence for Spontaneous Right,JOURNAL OF MANAGEMENT SPIRITUALITY & RELIGION,2021
Health geographies 1: Unlearning privilege,PROGRESS IN HUMAN GEOGRAPHY,2021
"Reset the Heart: Unlearning Violence, Relearning Hope, Nashville",INTERNATIONAL JOURNAL OF PRACTICAL THEOLOGY,2021
Split-Second Unlearning: Developing a Theory of Psychophysiological,FRONTIERS IN PSYCHOLOGY,2021
"The Making of Everyman's Capitalism in Sweden: Micro-Infrastructures,",ENTERPRISE & SOCIETY,2021
"Becoming a Narrative Inquirer: The Journey of Learning, Unlearning and",INTERNATIONAL JOURNAL OF QUALITATIVE METHODS,2021
"The meshwork of teaching against the grain: embodiment, affect and art",CULTURE AND ORGANIZATION,2021
Coping and Unlearning in Depression Recovery: Preliminary Themes from a,INTERNATIONAL JOURNAL OF QUALITATIVE METHODS,2021
"Organizational unlearning, knowledge generation strategies and radical",EUROPEAN JOURNAL OF MARKETING,2021
History as heresy: Unlearning the lessons of economic orthodoxy,ECONOMIC HISTORY REVIEW,2021
The complementarities of big data and intellectual capital on,ANNALS OF OPERATIONS RESEARCH,2021
Endogenous growth model with Bayesian learning and technology selection,MATHEMATICAL SOCIAL SCIENCES,2021
Learning/unlearning in International Relations through the politics of,AUSTRALIAN JOURNAL OF INTERNATIONAL AFFAIRS,2021
Breaking Green Ceilings: podcasting for environmental and social change,JOURNAL OF ENVIRONMENTAL STUDIES AND SCIENCES,2021
A group-based chronic pain intervention using the Unlearn Your Pain,JOURNAL OF MILITARY VETERAN AND FAMILY HEALTH,2021
Motion blur treatment utilizing deep learning for time-resolved particle,EXPERIMENTS IN FLUIDS,2021
Make aspect-based sentiment classification go further: step into the,APPLIED INTELLIGENCE,2021
"Unlearning: Rethinking Poetics, Pandemics, and the Politics of Knowledge",JOURNAL OF LINGUISTIC ANTHROPOLOGY,2021
LEARNING FROM LAW ENFORCEMENT,JOURNAL OF THE EUROPEAN ECONOMIC ASSOCIATION,2021
Twenty Years After the Anthrax Terrorist Attacks of 2001 Lessons Learned,JAMA-JOURNAL OF THE AMERICAN MEDICAL ASSOCIATION,2021
Phylogenetic signal in the vocalizations of vocal learning and vocal,PHILOSOPHICAL TRANSACTIONS OF THE ROYAL SOCIETY B-BIOLOGICAL SCIENCES,2021
The many functions of vocal learning,PHILOSOPHICAL TRANSACTIONS OF THE ROYAL SOCIETY B-BIOLOGICAL SCIENCES,2021
Genetic differentiation and gene flow of the Amazonian catfish,HYDROBIOLOGIA,2021
Let's talk about terrorism,JOURNAL OF PEACE EDUCATION,2021
Lessons unlearned: A conceptual review and meta-analysis of the,COGNITION & EMOTION,2021
"Taking stock of ""Organizational Learning"": Looking back and moving",MANAGEMENT LEARNING,2021
Speaking Personally-with Chris Dede,AMERICAN JOURNAL OF DISTANCE EDUCATION,2021
When change is all around: How dynamic network capability and generative,JOURNAL OF PRODUCT INNOVATION MANAGEMENT,2021
Symbolic Deep Networks: A Psychologically Inspired Lightweight and,TOPICS IN COGNITIVE SCIENCE,2021
Antenna Impedance Matching Using Deep Learning,SENSORS,2021
Feeling Meter Kinesthetic Knowledge and the Case of Recent Progressive,JOURNAL OF MUSIC THEORY,2021
Compasses on Africa. Views to unlearn the sub-Saharan region,RELACIONES INTERNACIONALES-MADRID,2021
Understanding Hydropower Impacts on Amazonian Wildlife is Limited by a,TROPICAL CONSERVATION SCIENCE,2021
Competitive intensity and new product development outcomes: The roles of,JOURNAL OF BUSINESS RESEARCH,2021
"Organizational learning, unlearning and re-internationalization timing:",JOURNAL OF INTERNATIONAL MANAGEMENT,2021
Organizational unlearning and inclusive innovation: The moderating role,SUSTAINABLE DEVELOPMENT,2021
Epistemic Trust and the Emergence of Conduct Problems: Aggression in the,FRONTIERS IN PSYCHIATRY,2021
"Critical reflection, unlearning, and engagement (vol 50, pg 465, 2019)",MANAGEMENT LEARNING,2021
Journey to the West: The overseas learning experiences of Chinese,TEACHING AND TEACHER EDUCATION,2021
C-Reactive Protein and Cancer: Interpreting the Differential,FRONTIERS IN IMMUNOLOGY,2021
Making Urban Theory: Learning and Unlearning Through Southern Cities,SINGAPORE JOURNAL OF TROPICAL GEOGRAPHY,2021
Learning butch: tracing lesbian and trans becoming in the classroom,JOURNAL OF LESBIAN STUDIES,2021
Ecopedagogical literacy of a pandemic: Teaching to critically read the,JOURNAL OF ENVIRONMENTAL EDUCATION,2021
On the shoulders of giants: uncovering key themes of organizational,REVIEW OF MANAGERIAL SCIENCE,2021
"Media Coverage of Fukushima, Ten Years Later",ASIA-PACIFIC JOURNAL-JAPAN FOCUS,2021
Unlearning Palermo's Architectural History,JOURNAL OF THE SOCIETY OF ARCHITECTURAL HISTORIANS,2021
An Integrated Transfer Learning Method for Power System Dynamic Security,IEEE TRANSACTIONS ON POWER SYSTEMS,2021
Detection and Segmentation of Unlearned Objects in Unknown Environment,IEEE TRANSACTIONS ON INDUSTRIAL INFORMATICS,2021
Unlearning in the workplace: Antecedents and outcomes,HUMAN RESOURCE DEVELOPMENT QUARTERLY,2021
Finding and removing Clever Hans: Using explanation methods to debug and,INFORMATION FUSION,2021
Comparison of domain adaptation techniques for white matter,MEDICAL IMAGE ANALYSIS,2021
Emergence of Content-Agnostic Information Processing by a Robot Using,NEURAL COMPUTATION,2021
Minimizing the effects of defensive routines on knowledge hiding though,JOURNAL OF BUSINESS RESEARCH,2021
Open Dialogue trainees' expectations of 'shared concern': An,JOURNAL OF FAMILY THERAPY,2021
Organizational forgetting in local governments: a study from rural India,JOURNAL OF ORGANIZATIONAL ETHNOGRAPHY,2021
"Counterintuitive, Yet Essential: Taking Stock of Organizational",KNOWLEDGE MANAGEMENT RESEARCH & PRACTICE,2021
"Learning, Unlearning, and Relearning Together: Unmasking Power in a",STUDENT SUCCESS,2021
EMBRACING ORGANISATIONAL UNLEARNING AS A FACILITATOR OF BUSINESS MODEL,INTERNATIONAL JOURNAL OF INNOVATION MANAGEMENT,2021
Toward Long-Term FMG Model-Based Estimation of Applied Hand Force in,IEEE TRANSACTIONS ON HUMAN-MACHINE SYSTEMS,2021
'Who Had to Die so I Could Go Camping?': Shifting non-Native Conceptions,ETHICS POLICY & ENVIRONMENT,2021
"Nineteen Eighty-Four, totalitarian lived skepticism, and unlearning how",POLICY FUTURES IN EDUCATION,2021
Preprints in times of COVID19: the time is ripe for agreeing on,BMC MEDICAL ETHICS,2021
Unlearning and consent in the UK Fire and Rescue Service,HUMAN RELATIONS,2021
"""Is This Not Just Nationalism?"" Disentangling the Threads of Folk",NATIONALITIES PAPERS-THE JOURNAL OF NATIONALISM AND ETHNICITY,2021
Organizational syntergy. A resultant of the shift to the gnoseological,ACTUALIDAD CONTABLE FACES,2021
A Human Reliability Assessment of Marine Engineering Students through,SIMULATION & GAMING,2021
Threshold concepts in religious studies: A qualitative and theoretical,TEACHING THEOLOGY AND RELIGION,2021
Deep learning-based estimation of Flory-Huggins parameter of A-B block,SCIENTIFIC REPORTS,2021
Constructing constructivism in management accounting education:,QUALITATIVE RESEARCH IN ACCOUNTING AND MANAGEMENT,2021
The functional role of sequentially neuromodulated synaptic plasticity,PLOS COMPUTATIONAL BIOLOGY,2021
Infrared spectra of neutral polycyclic aromatic hydrocarbons based on,THEORETICAL CHEMISTRY ACCOUNTS,2021
It did not work? Unlearn and try again-Unlearning success and failure,STRATEGIC MANAGEMENT JOURNAL,2021
Family Medicine Education at a Rural Hospital in Japan: Impact on,INTERNATIONAL JOURNAL OF ENVIRONMENTAL RESEARCH AND PUBLIC HEALTH,2021
Experiences of a Postgraduate Resident during COVID-19: The Trials and,JOURNAL OF CLINICAL AND DIAGNOSTIC RESEARCH,2021
"Deflationist Caprice: ""Imperfections"" in the Sculpture of Leon Podsiadly",ARTS,2021
Somatic work and independent training as an invisibly disabled performer,THEATRE DANCE AND PERFORMANCE TRAINING,2021
The Relationship Between Unlearning and Innovation Ambidexterity with,GROUP DECISION AND NEGOTIATION,2021
Autoethnographic Re-drawings of floating homes: Narrating trans,EMOTION SPACE AND SOCIETY,2021
Unlearning racism through transformative interracial dialogue,INTERNATIONAL JOURNAL OF QUALITATIVE STUDIES IN EDUCATION,2021
Histograms of Frequency-Intensity Distribution Deep Learning to Predict,TOXICOLOGICAL SCIENCES,2021
Long-term trends of ambient nitrate (NO3-) concentrations across China,EARTH SYSTEM SCIENCE DATA,2021
Dancing with Epistemic Borders Knowledge and unknowns in mixed-methods,PERFORMANCE RESEARCH,2021
Pictorial Referents Facilitate Recognition and Retrieval Speeds of,FRONTIERS IN COMMUNICATION,2021
The role of absorptive capacity and organizational unlearning in the,JOURNAL OF KNOWLEDGE MANAGEMENT,2021
Freeze-all or conventional IVF? Unanswered question from unlearned,HUMAN REPRODUCTION,2021
Multiple realities around sexual and reproductive health and rights,JOURNAL OF BIOSOCIAL SCIENCE,2021
"Social media strategic capability, organizational unlearning, and",JOURNAL OF BUSINESS RESEARCH,2021
Knowledge sharing in times of a pandemic: An intergenerational learning,KNOWLEDGE AND PROCESS MANAGEMENT,2021
Conflict Test Battery for Studying the Act of Facing Threats in Pursuit,FRONTIERS IN NEUROSCIENCE,2021
Stacking Complexities: Reframing Uncertainty through Hybrid Literacies,DESIGN AND CULTURE,2021
Interrogating the Criminalisation of Same-Sex Sexual Activity: A Study,LIVERPOOL LAW REVIEW,2021
Literature and Interculturality. A Proposal for Possible Readings,JOURNAL OF LATIN AMERICAN CULTURAL STUDIES,2021
Digital transformation of business-to-business sales: what needs to be,JOURNAL OF PERSONAL SELLING & SALES MANAGEMENT,2021
Hungry Ethics: from doing research to becoming-sangtin,GENDER PLACE AND CULTURE,2021
Scholars as allies in the struggle for food systems transformation,AGRICULTURE AND HUMAN VALUES,2021
Coordinated Reset Vibrotactile Stimulation Induces Sustained Cumulative,FRONTIERS IN PHYSIOLOGY,2021
Aiding and abetting the unruly past: queer and critical disability,POLITICS GROUPS AND IDENTITIES,2021
Are contractors ready for greater use of prefabrication in projects? An,INTERNATIONAL JOURNAL OF CONSTRUCTION MANAGEMENT,2021
Exploring an alternative: Foucault-Chokr's unlearning approach to,INTERNATIONAL JOURNAL OF MANAGEMENT EDUCATION,2021
The impact of unlearning context on organizational performance through,SPORT MANAGEMENT REVIEW,2021
Signaling sustainability: impact that learning how to report has on,SUSTAINABILITY ACCOUNTING MANAGEMENT AND POLICY JOURNAL,2021
Unlearning as (Japanese) learning,EDUCATIONAL PHILOSOPHY AND THEORY,2021
Effects of the paradox mindset on work engagement: The mediating role of,CURRENT PSYCHOLOGY,2021
Sustaining behavior reduction by transitioning the topography of the,JOURNAL OF APPLIED BEHAVIOR ANALYSIS,2021
"Arborealism, or do novels do trees?",TEXTUAL PRACTICE,2021
Unlearning the boundary-crossing constraint: processing instruction and,IRAL-INTERNATIONAL REVIEW OF APPLIED LINGUISTICS IN LANGUAGE TEACHING,2021
D-dimer specificity and clinical context: an old unlearned story,CRITICAL CARE,2021
Unlearning the ABCs of Tympanometry,OTOLARYNGOLOGY-HEAD AND NECK SURGERY,2021
The mediation effects of team information processing on new product,EUROPEAN JOURNAL OF INNOVATION MANAGEMENT,2021
The (im)possibilities of doing tourism otherwise: The case of settler,ANNALS OF TOURISM RESEARCH,2021
Towards on-site automatic detection of noxious events in dairy cows,APPLIED ANIMAL BEHAVIOUR SCIENCE,2021
Evaluation Metrics for Conditional Image Generation,INTERNATIONAL JOURNAL OF COMPUTER VISION,2021
A framework for understanding the role of unlearning in onboarding,HUMAN RESOURCE MANAGEMENT REVIEW,2021
Missing Finishes and Diminishing Heroes in Hurricane Katrina Survivor,JOURNAL OF AMERICAN FOLKLORE,2021
Reclaiming Emotions: Re-Unlearning and Re-Learning Discourses of Healing,GENEALOGY,2021
Imagining a Trans* Epistemology: What Liberation Thinks Like in,URBAN EDUCATION,2021
Talks with My Ancestors,GENEALOGY,2021
College Athletic Trainers' Perceptions of Rest and Physical Activity,JOURNAL OF SPORT REHABILITATION,2021
Terminological Entrepreneurs and Discursive Shifts in International,INTERNATIONAL STUDIES REVIEW,2021
The Anti-Capitalism of Pro-Slavery Discourse: Lessons Unlearned by,CRITICAL SOCIOLOGY,2021
A risk-averse optimization approach to human-robot collaboration in,COMPUTERS AND ELECTRONICS IN AGRICULTURE,2021
Global Desi?: possibilities and challenges for global citizenship,GLOBALISATION SOCIETIES AND EDUCATION,2021
Epitaph for bare-metal stents: Unlearning is hard to do,CATHETERIZATION AND CARDIOVASCULAR INTERVENTIONS,2021
Mega-dams and extreme rainfall: Disentangling the drivers of extensive,PLOS ONE,2021
A boosted SVM classifier trained by incremental learning and decremental,EXPERT SYSTEMS WITH APPLICATIONS,2021
Transfer and unlearning of topic prominence by Chinese learners of,IRAL-INTERNATIONAL REVIEW OF APPLIED LINGUISTICS IN LANGUAGE TEACHING,2021
Overcoming Pavlovian bias in semantic space,SCIENTIFIC REPORTS,2021
Accumbens coordinated reset stimulation in mice exhibits ameliorating,BRAIN STIMULATION,2021
"The ""saddest repudiation"" redux: Structural racism and the unlearned",PUBLIC HEALTH NURSING,2021
A Systematic Approach to Predict the Behavior of Cough Droplets Using,FLUIDS,2021
"Unlearning, Undoing, and Uplifting An Organized Approach to Ending",OBSTETRICS AND GYNECOLOGY,2021
Organizational learning and unlearning capabilities for resilience,LEARNING ORGANIZATION,2021
"Unlearning Eugenics: Sexuality, Reproduction, and Disability in",GERMAN STUDIES REVIEW,2021
Compositional springboarding and EMNE evolution,JOURNAL OF INTERNATIONAL BUSINESS STUDIES,2021
Potential History: Unlearning Imperialism,CONTEMPORARY POLITICAL THEORY,2021
Deep learning-based unlearning of dataset bias for MRI harmonisation and,NEUROIMAGE,2021
Unlearning the ABCs: a call to reprioritize prehospital intubation for,CANADIAN JOURNAL OF EMERGENCY MEDICINE,2021
Coded Machine Unlearning,IEEE ACCESS,2021
Privacy Enhanced Speech Emotion Communication using Deep Learning Aided,2021 IEEE INTERNATIONAL CONFERENCE ON COMMUNICATIONS WORKSHOPS (ICC,2021
Adaptive Organizational Leadership in the Context of the COVID-19,"PROCEEDINGS OF THE 17TH EUROPEAN CONFERENCE ON MANAGEMENT, LEADERSHIP",2021
Predicting Power Density of Array Antenna in mmWave Applications With,IEEE ACCESS,2021
Unlearning,"UNLEARNING: Rethinking Poetics, Pandemics, and the Politics of Knowledge",2021
Machine Unlearning for Random Forests,"INTERNATIONAL CONFERENCE ON MACHINE LEARNING, VOL 139",2021
When Machine Unlearning Jeopardizes Privacy,CCS '21: PROCEEDINGS OF THE 2021 ACM SIGSAC CONFERENCE ON COMPUTER AND,2021
Organizational innovation: straight planning and the public research,NAVUS-REVISTA DE GESTAO E TECNOLOGIA,2021
Ariella Aisha Azoulay and Georges Didi-Huberman: the persistence of lost,JOURNAL OF AESTHETICS & CULTURE,2021
"Connecting ""Third Space"" Pedagogy With Employability in Arabic Language",DEVELOPMENTS IN VIRTUAL LEARNING ENVIRONMENTS AND THE GLOBAL WORKPLACE,2021
Class Clown: Data Redaction in Machine Unlearning at Enterprise Scale,PROCEEDINGS OF THE 10TH INTERNATIONAL CONFERENCE ON OPERATIONS RESEARCH,2021
Planning and Designing Online Vocational Skill Showcasing Platform: From,JOURNAL OF TECHNICAL EDUCATION AND TRAINING,2021
"Literature, exhibitions and communication: a conversation",CULTURE ET MUSEES,2021
Amnesiac Machine Learning,"THIRTY-FIFTH AAAI CONFERENCE ON ARTIFICIAL INTELLIGENCE, THIRTY-THIRD",2021
Reduce the Difficulty of Incremental Learning With Self-Supervised,IEEE ACCESS,2021
Adaptive Machine Unlearning,ADVANCES IN NEURAL INFORMATION PROCESSING SYSTEMS 34 (NEURIPS 2021),2021
Estimation of Affective State based on Keystroke and Typing Vibration,BIOSIGNALS: PROCEEDINGS OF THE 14TH INTERNATIONAL JOINT CONFERENCE ON,2021
"Lessons Unlearned:"" The US Army's Role in Creating the Forever Wars in",JOURNAL OF MILITARY HISTORY,2021
"Unlearning, Relearning, and Paradigm Shift to Online Tertiary Education",BANGLADESH JOURNAL OF MEDICAL SCIENCE,2021
"""We need to learn about each other and unlearn patterns of racism"" A","POSTCOLONIAL AND POSTSOCIALIST DIALOGUES: Intersections, Opacities,",2021
(INDIVIDUAL) RESPONSIBILITY IN DECOLONISING THE UNIVERSITY CURRICULUM,SOUTH AFRICAN JOURNAL OF HIGHER EDUCATION,2021
Practising postcolonial pedagogies in higher education teaching and,JOURNAL OF UNIVERSITY TEACHING AND LEARNING PRACTICE,2021
FedEraser: Enabling Efficient Client-Level Data Removal from Federated,2021 IEEE/ACM 29TH INTERNATIONAL SYMPOSIUM ON QUALITY OF SERVICE (IWQOS),2021
Attitudes towards death in major persons: a pedagogy of ageing for,FORO DE EDUCACION,2021
Impressions2Font: Generating Fonts by Specifying Impressions,"DOCUMENT ANALYSIS AND RECOGNITION, ICDAR 2021, PT III",2021
"""Some people don't unlearn those things."" A Conversation on Hockey,",CANADIAN ETHNIC STUDIES-ETUDES ETHNIQUES AU CANADA,2021
Indigenous Culture-Based School Mathematics in Action Part II: The,MATHEMATICS ENTHUSIAST,2021
Route optimization for autonomous bulldozer by distributed deep,2021 IEEE INTERNATIONAL CONFERENCE ON MECHATRONICS (ICM),2021
The didactic strategy of the Witral (Mapuche loom) from a decolonial,CIVAE 2021: 3RD INTERDISCIPLINARY AND VIRTUAL CONFERENCE ON ARTS IN,2021
Challenging the Hegemonic Police Within A Lifelong Process of Unlearning,DEPARTURES IN CRITICAL QUALITATIVE RESEARCH,2021
Disruptive Technological Innovation and Organizational Agility,PROCEEDINGS OF THE 16TH EUROPEAN CONFERENCE ON INNOVATION AND,2021
Effective Use of Drone in Elementary School Programming Classes,2021 INTERNATIONAL SYMPOSIUM ON EDUCATIONAL TECHNOLOGY (ISET 2021),2021
Reconfiguration of the subject under the new normality. Looking is not,TELOS-REVISTA DE ESTUDIOS INTERDISCIPLINARIOS EN CIENCIAS SOCIALES,2021
HEDGECUT: Maintaining Randomised Trees for Low-Latency Machine,SIGMOD '21: PROCEEDINGS OF THE 2021 INTERNATIONAL CONFERENCE ON,2021
"Before Violence, after Empire: Ariella Azoulay's Potential History;",JOURNAL OF PALESTINE STUDIES,2021
WHAT HAS BEEN PRODUCED IN ORGANIZATIONAL UNLEARNING IN THE LAST TEN,GESTAO E DESENVOLVIMENTO,2021
Compositionality of Linearly Solvable Optimal Control in Networked,2021 AMERICAN CONTROL CONFERENCE (ACC),2021
"""Just Drive"": Colour Bias Mitigation for Semantic Segmentation in the",2021 IEEE INTERNATIONAL CONFERENCE ON BIG DATA (BIG DATA),2021
John Ruskin: practicing innocence,METHODOS-SAVOIRS ET TEXTES,2021
A Super Baseline for Pedestrian Re-Identification,2021 IEEE INTERNATIONAL CONFERENCE ON MECHATRONICS AND AUTOMATION (IEEE,2021
"Unlearning Eugenics: Sexuality, Reproduction, and Disability in",AMERICAN HISTORICAL REVIEW,2020
Lessons Unlearned: The US Army's Role in Creating the Forever Wars in,REVIEWS IN AMERICAN HISTORY,2020
Enhancing network modularity to mitigate catastrophic forgetting,APPLIED NETWORK SCIENCE,2020
Teaching Community Psychology Decolonially: A Pedagogical Journey,REVIEW OF GENERAL PSYCHOLOGY,2020
Informal and Incidental Learning in the time of COVID-19,ADVANCES IN DEVELOPING HUMAN RESOURCES,2020
The Task at Hand : Learning to unlearn in the politics of presence,PERFORMANCE RESEARCH,2020
"Transnational contextualisation seeing the world from there, here and",IDENTITIES-GLOBAL STUDIES IN CULTURE AND POWER,2020
General Cognitive Ability Predicts Survival-Readiness in Genetically,FRONTIERS IN ECOLOGY AND EVOLUTION,2020
"Unlearning Eugenics: Sexuality, Reproduction, and Disability in",HISTOIRE SOCIALE-SOCIAL HISTORY,2020
The hardest thing about learning is unlearning: why systematic review,JBI EVIDENCE SYNTHESIS,2020
On learning and unlearning repertoires of gender embodiment,GENDER AND EDUCATION,2020
"Pause and Forward: Body, Movement, and COVID",QUALITATIVE INQUIRY,2020
Identifying and working through settler ignorance,CRITICAL STUDIES IN EDUCATION,2020
"Relational governance, organizational unlearning and learning:",JOURNAL OF BUSINESS & INDUSTRIAL MARKETING,2020
"Language assessment literacy: what do we need to learn, unlearn, and",LANGUAGE TESTING IN ASIA,2020
Thinking Europe Otherwise: Lessons from the Caribbean,CURRENT SOCIOLOGY,2020
Robust Deep Learning-Based Diagnosis of Mixed Faults in Rotating,IEEE-ASME TRANSACTIONS ON MECHATRONICS,2020
Timescales of motor memory formation in dual-adaptation,PLOS COMPUTATIONAL BIOLOGY,2020
Probabilistic Cuing of Visual Search: Neither Implicit nor Inflexible,JOURNAL OF EXPERIMENTAL PSYCHOLOGY-HUMAN PERCEPTION AND PERFORMANCE,2020
HOW TO UNLEARN RACISM,SCIENTIFIC AMERICAN,2020
ASR-Adaptive Similarity-Based Regressor for Uplink Data Rate Estimation,IEEE JOURNAL ON SELECTED AREAS IN COMMUNICATIONS,2020
Social (un-)learning and the legitimization of marginalized knowledge:,JOURNAL OF RURAL STUDIES,2020
Memory reconsolidation in psychotherapy for severe perfectionism within,JOURNAL OF CLINICAL PSYCHOLOGY,2020
A smart tool wear prediction model in drilling of woven composites,INTERNATIONAL JOURNAL OF ADVANCED MANUFACTURING TECHNOLOGY,2020
Dynamic capability development in multinational enterprises: Reconciling,GLOBAL STRATEGY JOURNAL,2020
Fault Diagnosis of Planetary Gearbox Based on Motor Current Signal,SHOCK AND VIBRATION,2020
The Bible in the Fourth Industrial Revolution: 'What's in it for me?',HTS TEOLOGIESE STUDIES-THEOLOGICAL STUDIES,2020
Making Urban Theory: Learning and Unlearning Through Southern Cities,URBAN STUDIES,2020
"Unlearning Eugenics: Sexuality, Reproduction, and Disability in",JOURNAL OF THE HISTORY OF SEXUALITY,2020
The politics of museal hospitality: Sonia Boyce's neo-Victorian takeover,EUROPEAN JOURNAL OF ENGLISH STUDIES,2020
The Psychology of Food Cravings: the Role of Food Deprivation,CURRENT NUTRITION REPORTS,2020
Sustainable innovation and the triple bottom-line: a market-based,JOURNAL OF MARKETING THEORY AND PRACTICE,2020
Learning towards decolonising relationships at standing rock,STUDIES IN THE EDUCATION OF ADULTS-NIACE,2020
"Honor the old, welcome the new: an account of unlearning and forgetting",EUROPEAN JOURNAL OF INNOVATION MANAGEMENT,2020
"Children, childhoods, and everyday militarisms",CHILDHOOD-A GLOBAL JOURNAL OF CHILD RESEARCH,2020
The role of individual differences in risk learning: Who learns to place,LEARNING AND MOTIVATION,2020
"Unlearning Eugenics. Sexuality, Reproduction, and Disability in",ZEITSCHRIFT FUR EVANGELISCHE ETHIK,2020
Fault Diagnosis in Photovoltaic Arrays Using GBSSL Method and Proposing,IEEE TRANSACTIONS ON INDUSTRIAL INFORMATICS,2020
Residual Glucose Taste in T1R3 Knockout but not TRPM5 Knockout Mice,PHYSIOLOGY & BEHAVIOR,2020
The sign of contradiction: Church defense and the liturgical gun,REVIEW & EXPOSITOR,2020
Major League Baseball Broadcasts and the Delineation of Traditional and,COMMUNICATION & SPORT,2020
"Dorsal, but not ventral, hippocampal inactivation alters deliberation in",BEHAVIOURAL BRAIN RESEARCH,2020
Critical reflection and innovative work behavior: the mediating role of,PERSONNEL REVIEW,2020
Organizational forgetting Part II: a review of the literature and future,LEARNING ORGANIZATION,2020
A lesson unlearned? Underestimating tree cover in dryland biases global,GLOBAL CHANGE BIOLOGY,2020
When collective souls shift the ground beneath US: the implications of,INTERNATIONAL JOURNAL OF QUALITATIVE STUDIES IN EDUCATION,2020
"Society, University, Business and Talent in times of change. Learn and",AULA ABIERTA,2020
The logic of the contradictory in the work of Tomas Lefever,REVISTA MUSICAL CHILENA,2020
Catalonian Nationalism as a Fact of Spanish History,CONTEMPORARY EUROPE-SOVREMENNAYA EVROPA,2020
Generalization of movements in quadruped robot locomotion by learning,ROBOMECH JOURNAL,2020
Linguistic Inclusion: Challenging Implicit Classed Communication Bias in,MANAGEMENT COMMUNICATION QUARTERLY,2020
Pattern contrast influences wariness in naive predators towards,SCIENTIFIC REPORTS,2020
A Space for Unlearning? A Relational Perspective on North-South,EUROPEAN JOURNAL OF DEVELOPMENT RESEARCH,2020
THE MALE ARCHETYPES IN PERRAULT'S TALES: MODELS OF MASCULINITY TO LEARN,FEMINISMO-S,2020
"Art, Anti-Racism and Health Equity: ""Don't Ask Me Why, Ask Me How!""",ETHNICITY & DISEASE,2020
"Visible Learning and whole language: revisiting the 'garbage in, garbage",AUSTRALIAN JOURNAL OF LANGUAGE AND LITERACY,2020
Longitudinal Evidence for Simultaneous Bilingual Language Development,LANGUAGE LEARNING,2020
Learning How Language is Used in Higher Education to Strategically,EDUCATIONAL RESEARCH FOR SOCIAL CHANGE,2020
ART AS UNLEARNING: TOWARDS A MANNERIST PEDAGOGY,INTERNATIONAL JOURNAL OF EDUCATION THROUGH ART,2020
What will we unlearn next? The implications of Lopez (2020),JOURNAL OF QUANTITATIVE ANALYSIS IN SPORTS,2020
Two forms of organizational unlearning: Insights from engaged,MANAGEMENT LEARNING,2020
"Language assessment literacy: what do we need to learn, unlearn, and",LANGUAGE TESTING IN ASIA,2020
Developing a novel hybrid model for the estimation of surface 8 h ozone,ATMOSPHERIC CHEMISTRY AND PHYSICS,2020
"Disinformation, Misinformation and Inequality-Driven Mistrust in the",AIDS AND BEHAVIOR,2020
Learning accountability in the public sector: The experience of Kerala,FINANCIAL ACCOUNTABILITY & MANAGEMENT,2020
Managing cultural specificity and cultural embeddedness when,JOURNAL OF INTERNATIONAL BUSINESS STUDIES,2020
A revised model of experiential learning with a debriefing checklist,INTERNATIONAL JOURNAL OF TRAINING AND DEVELOPMENT,2020
Organizational forgetting Part I: a review of the literature and future,LEARNING ORGANIZATION,2020
"The Reality Principle: Fanonian Undoing, Unlearning, and Decentering: A",PSYCHOANALYTIC DIALOGUES,2020
Organizational unlearning and knowledge transfer in cross-border M&As:,JOURNAL OF KNOWLEDGE MANAGEMENT,2020
I think I made a mistake: How do prospective teachers elicit the,JOURNAL OF MATHEMATICS TEACHER EDUCATION,2020
"Organisational unlearning, relearning and strategic flexibility: from",TECHNOLOGY ANALYSIS & STRATEGIC MANAGEMENT,2020
Education in the apocalypse: disaster and teaching on British television,HISTORY OF EDUCATION REVIEW,2020
River dams and the stability of bird communities: A hierarchical,JOURNAL OF APPLIED ECOLOGY,2020
"Effects of learning, unlearning and forgetting on path development: the",EUROPEAN PLANNING STUDIES,2020
Learning Habits: Does Overtraining Lead to Resistance to New Learning?,COLLABRA-PSYCHOLOGY,2020
Detection method of unlearned pattern using support vector machine in,STRUCTURAL CONTROL & HEALTH MONITORING,2020
'Is he allowed to have a crush on you?' interrupting adultism in,ETHNOGRAPHY AND EDUCATION,2020
A social dominance theory perspective on multicultural competence,COUNSELLING PSYCHOLOGY QUARTERLY,2020
Rigidities of imagination in scenario planning: Strategic foresight,TECHNOLOGICAL FORECASTING AND SOCIAL CHANGE,2020
Tensions in aesthetic socialization: Negotiating competence and,POETICS,2020
"Learn, unlearn, and learn again: the secret to changing how elderly",EMERGENCIAS,2020
Effects of dose on acquisition and persistence of a new response for a,BEHAVIOURAL PHARMACOLOGY,2020
Self-Portrait in Black and White: Unlearning Race,NEW YORK REVIEW OF BOOKS,2020
Entrepreneurial learning: the transmitting and embedding of,ENTREPRENEURSHIP AND REGIONAL DEVELOPMENT,2020
Managers' exploration activities and individual unlearning: the,INTERNATIONAL JOURNAL OF HUMAN RESOURCE MANAGEMENT,2020
Savannah sparrows (Passerculus sandwichensis) nesting close to energy,BIOACOUSTICS-THE INTERNATIONAL JOURNAL OF ANIMAL SOUND AND ITS RECORDING,2020
The tensions of innovation: experiences of teachers during a whole,RESEARCH PAPERS IN EDUCATION,2020
Exploring linkages between unlearning and human resource development:,HUMAN RESOURCE DEVELOPMENT QUARTERLY,2020
"Learning, unlearning and relearning",PEDIATRIC ANESTHESIA,2020
UNLEARNING WHAT IS LEARNED Teaching Islam in America in Light of Paulo,JOURNAL OF FEMINIST STUDIES IN RELIGION,2020
UNLEARN,NAVAL WAR COLLEGE REVIEW,2020
A multi-population differential evolution algorithm based on cellular,APPLIED SOFT COMPUTING,2020
Understanding and governing learning in sustainability transitions: A,ENVIRONMENTAL INNOVATION AND SOCIETAL TRANSITIONS,2020
Postdigital We-Learn,STUDIES IN PHILOSOPHY AND EDUCATION,2020
Principles for a pedagogy of unlearning,REFLECTIVE PRACTICE,2020
What Prevents Christians from Learning to Be Good?,RURAL THEOLOGY-INTERNATIONAL ECUMENCIAL AND INTERDISCIPLINARY,2020
Unnecessary Bimanual Pelvic Examinations and Papanicolaou Testing in,JAMA INTERNAL MEDICINE,2020
Decolonising the 'autonomy of affect' in volunteer tourism encounters,TOURISM GEOGRAPHIES,2020
The speed of learning and learning forces,KNOWLEDGE AND PROCESS MANAGEMENT,2020
Digital transformation priorities of India's discrete manufacturing SMEs,COMPETITIVENESS REVIEW,2020
Connecting the Dots on the Origins of Social Knowledge,PERSPECTIVES ON PSYCHOLOGICAL SCIENCE,2020
Effects of intranasal insulin as an enhancer of fear extinction: a,NEUROPSYCHOPHARMACOLOGY,2020
"Unsettling allyship, unlearning and learning towards decolonising",STUDIES IN THE EDUCATION OF ADULTS-NIACE,2020
Supporting Workforce Wisdom in a Global Economy,"STRATEGIES FOR ATTRACTING, MAINTAINING, AND BALANCING A MATURE WORKFORCE",2020
Invertible generative models for inverse problems: mitigating,"INTERNATIONAL CONFERENCE ON MACHINE LEARNING, VOL 119",2020
Unlearning to Be Human: Fantasy and the Anthropocene,TEKSTY DRUGIE,2020
Unlearning some common tropes,"INTERNATIONAL ORGANISATIONS, NON-STATE ACTORS, AND THE FORMATION OF",2020
Training administrators from investigative competence for a postmodern,INVESTIGAR PARA EDUCAR: Visoes sem Fronteiras. Visions Without Borders,2020
Unlearning Scanner Bias for MRI Harmonisation in Medical Image,MEDICAL IMAGE UNDERSTANDING AND ANALYSIS,2020
Ethical dilemmas in field placements: The experiences of social work,DIALOGIC PEDAGOGY,2020
The Relationship between Organizational Unlearning and Radical,15TH INTERNATIONAL FORUM ON KNOWLEDGE ASSET DYNAMICS (IFKAD 2020):,2020
When Tough Times Make Tough Designers: How Perplexing Experiences Shape,INTERNATIONAL JOURNAL OF ENGINEERING EDUCATION,2020
Bayesian Variational Federated Learning and Unlearning in Decentralized,SPAWC 2021: 2021 IEEE 22ND INTERNATIONAL WORKSHOP ON SIGNAL PROCESSING,2020
Facilitative transfer only? L-3 acquisition of Mandarin sentence-final,JOURNAL OF SECOND LANGUAGE STUDIES,2020
"Trees, grass, or concrete? The effects of different types of",LANDSCAPE AND URBAN PLANNING,2020
2D FFT and AI-Based Analysis of Wallpaper Patterns and Relations Between,ADVANCES IN AFFECTIVE AND PLEASURABLE DESIGN,2020
Visualization of Focal Cues for Visuomotor Coordination by,2020 IEEE/SICE INTERNATIONAL SYMPOSIUM ON SYSTEM INTEGRATION (SII),2020
Privacy Enhanced Multimodal Neural Representations for Emotion,"THIRTY-FOURTH AAAI CONFERENCE ON ARTIFICIAL INTELLIGENCE, THE",2020
Making Urban Theory Learning and Unlearning through Southern Cities,MAKING URBAN THEORY: LEARNING AND UNLEARNING THROUGH SOUTHERN CITIES,2020
Organizational Unlearning and Digital Transformation: A Conceptual,PROCEEDINGS OF THE 21ST EUROPEAN CONFERENCE ON KNOWLEDGE MANAGEMENT,2020
Multi-joint motor intention recognition of lower limbs based on muscle,2020 10TH INSTITUTE OF ELECTRICAL AND ELECTRONICS ENGINEERS,2020
Antecedents and consequence of organizational unlearning: Evidence from,INDUSTRIAL MARKETING MANAGEMENT,2020
Experiencing 'otherness': Teacher educators' journey with first year,ISSUES IN EDUCATIONAL RESEARCH,2020
'Unlearning' in global justice education,CHALLENGING PERCEPTIONS OF AFRICA IN SCHOOLS: CRITICAL APPROACHES TO,2020
Linking Pavlovian Disgust Conditioning and Eating Disorder Symptoms: An,BEHAVIOR THERAPY,2020
UNDERSTANDING TEXT IN UNLEARNED LANGUAGE BY STUDENTS IN BULGARIAN,BULGARSKI EZIK I LITERATURA-BULGARIAN LANGUAGE AND LITERATURE,2020
Language Learning and Unlearning in Ethnographic Fieldwork: 'Speaking,LEARNING AND USING LANGUAGES IN ETHNOGRAPHIC RESEARCH,2020
A Model for Corrective Software Maintenance Effort Estimation after,2020 INTERNATIONAL CONFERENCE ON ARTIFICIAL INTELLIGENCE AND SIGNAL,2020
Unlearning my communication pedagogy through poetic inquiry,JOURNAL OF EDUCATION,2020
Transfer Learning-Based Power System Online Dynamic Security Assessment:,IEEE TRANSACTIONS ON POWER SYSTEMS,2020
Learning to Unlearn Moving Educators From a Charity Mentality Towards a,TEACHER EDUCATION FOR SUSTAINABLE DEVELOPMENT AND GLOBAL CITIZENSHIP:,2020
TRANSFORMATIVE LEARNING IN A CONTEXT OF DEEP DIVISION: THE IMPORTANCE OF,SOUTH AFRICAN JOURNAL OF HIGHER EDUCATION,2020
Unlearning What Has Been Learned: The EU's New Neighbourhood Policy,DEMOCRATISATION AGAINST DEMOCRACY: HOW EU FOREIGN POLICY FAILS THE,2020
Latent space decomposition into task-specific and domain-specific,2020 INTERNATIONAL JOINT CONFERENCE ON NEURAL NETWORKS (IJCNN),2020
Memories of motor adaptation do not necessarily decay with behavioral,EXPERIMENTAL BRAIN RESEARCH,2020
Spatio-Temporal Memory for Navigation in a Mushroom Body Model,"BIOMIMETIC AND BIOHYBRID SYSTEMS, LIVING MACHINES 2020",2020
Addressing Contextual Challenges in Underserved Indigenous Spaces of the,INTERNATIONAL JOURNAL OF QUALITATIVE METHODS,2019
Achievement of Very Low Low-Density Lipoprotein Cholesterol Levels Is It,CIRCULATION,2019
Japan's media fails its watchdog role: Lessons learned and unlearned,JOURNALISM,2019
An invitation to 'negative' comparative education,COMPARATIVE EDUCATION,2019
A Pilot Study on Falling-Risk Detection Method Based on Postural,SENSORS,2019
THE CONCEPT OF 'RURAL' AS A PSYCHOSOCIAL PROCESS: FROM CONCEPT,QUAESTIONES GEOGRAPHICAE,2019
Is post-transplant cyclophosphamide a true game-changer in allogeneic,BEST PRACTICE & RESEARCH CLINICAL HAEMATOLOGY,2019
Scribal Traditions in Documentary Arabic: From the One Imperial Standard,JEWISH HISTORY,2019
Understanding How Organizational Culture Typology Relates to,JOURNAL OF THE KNOWLEDGE ECONOMY,2019
Processes Underlying MNE Subsidiary Absorptive Capacity: Evidence from,MANAGEMENT INTERNATIONAL REVIEW,2019
Self-Portrait in Black and White Unlearning Race,NATION,2019
Rapid learning and unlearning of predicted sensory delays in,ELIFE,2019
Prophylactic antibiotic usage by Belgian veterinarians during elective,PREVENTIVE VETERINARY MEDICINE,2019
Microvariation in multilingual situations: The importance of,SECOND LANGUAGE RESEARCH,2019
Decolonisation as Unlearning Christianity: Fallism and African,BLACK THEOLOGY,2019
Learning Race to Unlearn Racism: The Effects of Ethnic Studies,JOURNAL OF HIGHER EDUCATION,2019
Recognizing learning emotion based on convolutional neural networks and,APPLIED SOFT COMPUTING,2019
Learning to Suppress Salient Distractors in the Target Dimension:,JOURNAL OF EXPERIMENTAL PSYCHOLOGY-LEARNING MEMORY AND COGNITION,2019
Prospective mathematics teachers' engagement with inclusive equity: An,TEACHING AND TEACHER EDUCATION,2019
The unlearning process of senior clinical nurses in rehabilitation wards,JOURNAL OF ADVANCED NURSING,2019
SELF-PORTRAIT IN BLACK AND WHITE Unlearning Race,NEW YORK TIMES BOOK REVIEW,2019
"Can We Say the ""r"" Word?: Identifying and Disrupting Colorblind",EDUCATIONAL STUDIES-AESA,2019
You See Your Own Eyes Reflected Back: The Radical Potential of Art and,RESEARCH IN HUMAN DEVELOPMENT,2019
Unlearning cisheteronormativity at the intersections of difference:,TEXT AND PERFORMANCE QUARTERLY,2019
POTENTIAL HISTORY: UNLEARNING IMPERIALISM,PHILOSOPHY OF PHOTOGRAPHY,2019
"""Forgetting"" and ""Re membering"": The Language of Stuttering and the",ARIEL-A REVIEW OF INTERNATIONAL ENGLISH LITERATURE,2019
Miracles and Other Reasonable Things: A Story of Unlearning and,LIBRARY JOURNAL,2019
Unlearning NCLB,PHI DELTA KAPPAN,2019
In the Eyes of the Beholder: The Complexion of the Shoah in the Lublin,EAST EUROPEAN POLITICS AND SOCIETIES,2019
Unlearned visual preferences for the head region in domestic chicks,PLOS ONE,2019
Self-Portrait in Black and White: Unlearning Race,LIBRARY JOURNAL,2019
Impacts of hydroelectric dams in the Amazon and decision making,NOVOS CADERNOS NAEA,2019
Diasporic Chinese family drama through a transnational lens: The Wedding,INTERNATIONAL JOURNAL OF MEDIA & CULTURAL POLITICS,2019
Operationalizing Learning from Rare Events: Framework for Middle,PRODUCTION AND OPERATIONS MANAGEMENT,2019
Unlearning: Enabling Professional Success in an Ever-Changing,PROFESSIONAL CASE MANAGEMENT,2019
Best teaching practices in the first year of the pilot implementation of,TEACHING MATHEMATICS AND ITS APPLICATIONS,2019
Learning scientific creativity from the arts,PALGRAVE COMMUNICATIONS,2019
Unlearning through Mad Studies: Disruptive pedagogical praxis,CURRICULUM INQUIRY,2019
Dreaming neural networks: rigorous results,JOURNAL OF STATISTICAL MECHANICS-THEORY AND EXPERIMENT,2019
A Deep Learning Approach to EMG-Based Classification of Gait Phases,ELECTRONICS,2019
Development and Validation of a Questionnaire to Measure Attitude change,AUSTRALIAN JOURNAL OF INDIGENOUS EDUCATION,2019
"Critical reflection, unlearning, and engagement",MANAGEMENT LEARNING,2019
Organizational unlearning: the challenges of a developing phenomenon,LEARNING ORGANIZATION,2019
Opportunities and interdisciplinary perspectives for organizational,LEARNING ORGANIZATION,2019
Investigating unlearning and forgetting in organizations Research,LEARNING ORGANIZATION,2019
Unlearning institutional habits: an arts-based perspective on,LEARNING ORGANIZATION,2019
Unlearn: Let Go of Past Success to Achieve Extraordinary Results,LEARNING ORGANIZATION,2019
Unlearning towards an uncertain future: on the back end of future-driven,LEARNING ORGANIZATION,2019
Learning-forgetting-unlearning-relearning - the learning organization's,LEARNING ORGANIZATION,2019
Exploring linkages between unlearning and relearning in organizations,LEARNING ORGANIZATION,2019
How to intentionally forget rules in newly introduced agile projects A,LEARNING ORGANIZATION,2019
The rise of technology and impact on skills,INTERNATIONAL JOURNAL OF TRAINING RESEARCH,2019
The learning-driven organization: toward an integrative model for,INDUSTRIAL AND COMMERCIAL TRAINING,2019
Introducing a 'stop-doing' culture: How to free your organization from,BUSINESS HORIZONS,2019
Historical journey of literacy in Venezuela from the un-learning,ALTERIDAD-REVISTA DE EDUCACION,2019
Entrepreneurial marketing dimensions and SMEs performance,JOURNAL OF BUSINESS RESEARCH,2019
A myoelectric prosthetic hand with muscle synergy-based motion,SCIENCE ROBOTICS,2019
UK farmers' transition pathways towards agroecological farm redesign:,AGROECOLOGY AND SUSTAINABLE FOOD SYSTEMS,2019
Unlearning and forgetting in organizations: a systematic review of,JOURNAL OF KNOWLEDGE MANAGEMENT,2019
Reversal shift in phonotactic learning during language production:,JOURNAL OF MEMORY AND LANGUAGE,2019
The Fairy Tale Model: Secure Facility Therapist Perceptions,JOURNAL OF CHILD & ADOLESCENT TRAUMA,2019
Racial Abstraction and Species Difference: Anthropomorphic Animals in,AMERICAN LITERATURE,2019
ON THE THING - ON IF OTHER THINGS HAUNT IT,GRIOT-REVISTA DE FILOSOFIA,2019
The neural response of female zebra finches (Taeniopygia guttata) to,BEHAVIOURAL PROCESSES,2019
The Unlearning of Managerial Skills: A Qualitative Study of Executive,EUROPEAN MANAGEMENT REVIEW,2019
The Automation Game: technological retention activities and perceptions,TEACHING IN HIGHER EDUCATION,2019
Unlearn: 101 Simple Truths for a Better Life,LIBRARY JOURNAL,2019
Chafing masculinity: Heterosexual violence and young men's shame,FEMINISM & PSYCHOLOGY,2019
Women's perceptions of personalized risk-based breast cancer screening,PSYCHO-ONCOLOGY,2019
Individual unlearning from the point of view of managers in merger and,CUADERNOS DE ADMINISTRACION-UNIVERSIDAD DEL VALLE,2019
Assessing transformative capacity for sustainable urban regeneration: A,AMBIO,2019
Initiating Aha moments when implementing person-centered care in nursing,BMC GERIATRICS,2019
Dreaming neural networks: Forgetting spurious memories and reinforcing,NEURAL NETWORKS,2019
Towards Effective Entity Extraction of Scientific Documents using,KSII TRANSACTIONS ON INTERNET AND INFORMATION SYSTEMS,2019
Designing ground states of Hopfield networks for quantum state,PHYSICAL REVIEW A,2019
"Unlearning eugenics: sexuality, reproduction, and disability in",DISABILITY & SOCIETY,2019
The relativistic Hopfield network: Rigorous results,JOURNAL OF MATHEMATICAL PHYSICS,2019
Tortoises develop and overcome position biases in a reversal learning,ANIMAL COGNITION,2019
Promoting learning and unlearning through textual enhancement in a,EUROPEAN JOURNAL OF APPLIED LINGUISTICS,2019
LESSONS UNLEARNED: PAST EXPERIENCE DOES NOT MODERATE THE IMPACT OF,ANNALS OF BEHAVIORAL MEDICINE,2019
The impact of hydroelectric dams on mercury dynamics in South America: A,CHEMOSPHERE,2019
"Good, now keep going: challenging the status quo in STEM pipeline and",CULTURAL STUDIES OF SCIENCE EDUCATION,2019
Kinase and Phosphatase Engagement Is Dissociated Between Memory,FRONTIERS IN MOLECULAR NEUROSCIENCE,2019
Promoting intentional unlearning through an unlearning cycle,JOURNAL OF ORGANIZATIONAL CHANGE MANAGEMENT,2019
The impact of variety of episodic contexts on the integration of novel,LANGUAGE COGNITION AND NEUROSCIENCE,2019
Lizards from suburban areas learn faster to stay safe,BIOLOGY LETTERS,2019
Implicit Bias: What Every Pediatrician Should Know About the Effect of,CURRENT PROBLEMS IN PEDIATRIC AND ADOLESCENT HEALTH CARE,2019
Independent contribution of perceptual experience and social cognition,COGNITION,2019
Automatic Emotion-Based Music Classification for Supporting Intelligent,ELECTRONICS,2019
Unlearning implicit social biases during sleep: A failure to replicate,PLOS ONE,2019
Computer simulations of coupled idiosyncrasies in speech perception and,PLOS ONE,2019
"Individual unlearning, organizational unlearning and strategic",BALTIC JOURNAL OF MANAGEMENT,2019
Managing Organizational Knowledge by Unlearning? A Systematic Literature,PROCEEDINGS OF 2019 INTERNATIONAL CONFERENCE ON COMPUTATIONAL,2019
Art as Unlearning Towards a Mannerist Pedagogy Introduction,ART AS UNLEARNING: TOWARDS A MANNERIST PEDAGOGY,2019
Use of Data Acquisition Systems for the Learning of the color concept,REVISTA CIENTIFICA,2019
INFORMAL LEARNING IN A COMMUNITY-BASED HEALTH EDUCATION PROGRAM The,TRANSFORMATIVE LEARNING IN HEALTHCARE AND HELPING PROFESSIONS EDUCATION:,2019
Unlearn how to remain silent? Ways out of the Inexpressibility in the,UNSAGBARKEIT: SPRACHEN DER LIEBE IN DER LITERATUR DER VORMODERNE,2019
Resisting Normal: Questioning Media Depictions of Autistic Youth and,SCANDINAVIAN JOURNAL OF DISABILITY RESEARCH,2019
Lifelong Anomaly Detection Through Unlearning,PROCEEDINGS OF THE 2019 ACM SIGSAC CONFERENCE ON COMPUTER AND,2019
Testing Artificial Intelligence,"SYSTEMS, SOFTWARE AND SERVICES PROCESS IMPROVEMENT (EUROSPI 2019)",2019
When Doctors Unlearn English,JOURNAL OF PALLIATIVE CARE,2019
UNLEARNING AND INSTABILITY. PERSPECTIVES FOR A COGNITIVE THEORY OF,SIGNA-REVISTA DE LA ASOCIACION ESPANOLA DE SEMIOTICA,2019
Are there typological characteristics of individual unlearning?,PROCEEDINGS OF THE 52ND ANNUAL HAWAII INTERNATIONAL CONFERENCE ON SYSTEM,2019
Image Watermarking Technique Using Embedder and Extractor Neural,IEICE TRANSACTIONS ON INFORMATION AND SYSTEMS,2019
A Generalized Multisensor Real-Time Tool Condition-Monitoring Approach,SMART AND SUSTAINABLE MANUFACTURING SYSTEMS,2019
Ageing transmigrants and the decolonisation of life course,INTERNATIONAL JOURNAL OF LIFELONG EDUCATION,2019
Colonial Bodies in Display Cases and Spectating Bodies A Contemporary,EXPLORING THE BLACK VENUS FIGURE IN AESTHETIC PRACTICES,2019
"""An Unlearned Antinomian-Anabaptist"": Richard Baxter on John Bunyan",ETUDES EPISTEME,2019
Electroforming-free BiFeO3 switches for neuromorphic computing,"2019 26TH IEEE INTERNATIONAL CONFERENCE ON ELECTRONICS, CIRCUITS AND",2019
Learning Not to Learn: Training Deep Neural Networks with Biased Data,2019 IEEE/CVF CONFERENCE ON COMPUTER VISION AND PATTERN RECOGNITION,2019
Fake News Detection System using Article Abstraction,2019 16TH INTERNATIONAL JOINT CONFERENCE ON COMPUTER SCIENCE AND,2019
Topics to Avoid: Demoting Latent Confounds in Text Classification,2019 CONFERENCE ON EMPIRICAL METHODS IN NATURAL LANGUAGE PROCESSING AND,2019
Gender-based violence as difficult knowledge: pedagogies for rebalancing,INTERNATIONAL JOURNAL OF LIFELONG EDUCATION,2019
Unlearning gender-Toward a critical communication trans pedagogy,COMMUNICATION TEACHER,2019
Digital Twins in eHealth - Prospects and Challenges Focussing on,"2019 IEEE INTERNATIONAL CONFERENCE ON ENGINEERING, TECHNOLOGY AND",2019
The Evolution of Book Circulation in Imperial Age: Legal and Christian,STUDIA HISTORICA-HISTORIA ANTIGUA,2019
An Analysis of Influence of Emoticons on Affective Impressions Feeling,IIWAS2019: THE 21ST INTERNATIONAL CONFERENCE ON INFORMATION INTEGRATION,2019
Walking gait event detection based on electromyography signals using,BIOMEDICAL SIGNAL PROCESSING AND CONTROL,2019
A Study on a Lane Keeping System using CNN for Online Learning of,"2019 34TH INTERNATIONAL TECHNICAL CONFERENCE ON CIRCUITS/SYSTEMS,",2019
Audiovisual production on elementary school: a wager in students',EDUCACAO,2019
"""Postgraduateness""-A Project for Constructing a Renaissance Africa: A",EDUCATION AS CHANGE,2019
Manipulation Motion Taxonomy and Coding for Robots,2019 IEEE/RSJ INTERNATIONAL CONFERENCE ON INTELLIGENT ROBOTS AND SYSTEMS,2019
SOFT SKILLS IN KNOWLEDGE-BASED ECONOMICS,MARKETING AND MANAGEMENT OF INNOVATIONS,2019
Again about the Unlearned Lessons of the Zagorsk Experiment (an Answer,VOPROSY FILOSOFII,2019
EARLY STAGE REFLECTIONS ON INNOVATING WITH AN EXPERIENTIAL PROJECT-BASED,"12TH INTERNATIONAL CONFERENCE OF EDUCATION, RESEARCH AND INNOVATION",2019
Success/Failure Identification of Skill Movement by Neural Network Using,45TH ANNUAL CONFERENCE OF THE IEEE INDUSTRIAL ELECTRONICS SOCIETY (IECON,2019
Unlearning Knowledge Economy,"TEACH FOR ARABIA: American Universities, Liberalism, and Transnational",2019
Neural Cleanse: Identifying and Mitigating Backdoor Attacks in Neural,2019 IEEE SYMPOSIUM ON SECURITY AND PRIVACY (SP 2019),2019
Learning urban energy governance for system innovation: an assessment of,JOURNAL OF ENVIRONMENTAL POLICY & PLANNING,2019
Efficient Learning Strategy of Chinese Characters Based on Usage,2019 4TH IEEE INTERNATIONAL CONFERENCE ON BIG DATA ANALYTICS (ICBDA,2019
Personal Universes: revealing community college students' competences,CULTURAL STUDIES OF SCIENCE EDUCATION,2018
'A LANGUAGE I HAVE NOT UNLEARNED': CULTIVATING AN HISTORICAL AWARENESS,LITERATURE AND THEOLOGY,2018
Visuomotor learning and unlearning in children and adolescents with,CORTEX,2018
THE PEDAGOGICAL POWER OF THINGS TOWARD A POST-INTENTIONAL PHENOMENOLOGY,CULTURAL CRITIQUE,2018
"Challenging Cognitive Demands at Work, Related Working Conditions, and",INTERNATIONAL JOURNAL OF ENVIRONMENTAL RESEARCH AND PUBLIC HEALTH,2018
Fast and slow extinction pathways in defensive survival circuits,CURRENT OPINION IN BEHAVIORAL SCIENCES,2018
Being Muslim: Unveiling the Voices of Asian Muslim Women Travellers,GENDER ISSUES,2018
Using Deliberate Practice to Build an Instructor Development Program,JOURNAL OF LEADERSHIP STUDIES,2018
Communication from Learned to Innate Olfactory Processing Centers Is,NEURON,2018
"Learning, unlearning and forgetting processes in industrial districts",CAMBRIDGE JOURNAL OF ECONOMICS,2018
Increased Cognitive Load Enables Unlearning in Procedural Category,JOURNAL OF EXPERIMENTAL PSYCHOLOGY-LEARNING MEMORY AND COGNITION,2018
Decolonising the Conceptions of Race in South Africa: A Fanonian,STRATEGIC REVIEW FOR SOUTHERN AFRICA,2018
Unlearning and public services -A case study with a Vygotskian approach,JOURNAL OF ADULT AND CONTINUING EDUCATION,2018
A new mechanical approach to handle generalized Hopfield neural networks,NEURAL NETWORKS,2018
Revisiting metaplasticity: The roles of calcineurin and histone,NEUROBIOLOGY OF LEARNING AND MEMORY,2018
Temporal alignment of anticipatory motor cortical beta lateralisation in,EUROPEAN JOURNAL OF NEUROSCIENCE,2018
Early Behavioural Facilitation by Temporal Expectations in Complex,NEUROSCIENCE,2018
Spontaneous eyeblinks are sensitive to sequential learning,NEUROPSYCHOLOGIA,2018
The wrong track also leads someplace: Milton Friedman's presidential,REVIEW OF KEYNESIAN ECONOMICS,2018
Prediction of Response to Stereotactic Radiosurgery for Brain Metastases,ANTICANCER RESEARCH,2018
The 'Laterally Inverted' Laparoscopic Cholecystectomy: Unlearning the,JOURNAL OF CLINICAL AND DIAGNOSTIC RESEARCH,2018
Learning to Achieve Different Levels of Adaptability for Human-Robot,IEEE TRANSACTIONS ON COGNITIVE AND DEVELOPMENTAL SYSTEMS,2018
The Importance of Time to Think Back: The Role of Reminding in,JOURNAL OF EXPERIMENTAL PSYCHOLOGY-LEARNING MEMORY AND COGNITION,2018
The regulation of birdsong by testosterone: Multiple time-scales and,HORMONES AND BEHAVIOR,2018
Effects of extended extinction and multiple extinction contexts on ABA,LEARNING AND MOTIVATION,2018
Acquisition of Viewpoint Transformation and Action Mappings via Sequence,FRONTIERS IN NEUROROBOTICS,2018
"Revolution 4.0, Skills, Education and Guidance",REVISTA DIGITAL DE INVESTIGACION EN DOCENCIA UNIVERSITARIA-RIDU,2018
Learning evolving T-S fuzzy systems with both local and global accuracy,APPLIED SOFT COMPUTING,2018
Auditory prediction cues motor preparation in the absence of movements,NEUROIMAGE,2018
"Reset the Heart: Unlearning Violence, Relearning Hope",THEOLOGY TODAY,2018
Parental Burnout: When Exhausted Mothers Open Up,FRONTIERS IN PSYCHOLOGY,2018
Action research to support the integration of social media in the,ACTION RESEARCH,2018
Learning and Unlearning of Pain,BIOMEDICINES,2018
On bilinguals' development of metalinguistic awareness and its transfer,INTERNATIONAL JOURNAL OF BILINGUALISM,2018
The Incarnation of the Free Spirits in Nietzsche: A Continuum of Triple,KRITIKE-AN ONLINE JOURNAL OF PHILOSOPHY,2018
Curbing Inequality Through Decolonising Knowledge Production in Higher,AUSTRALASIAN REVIEW OF AFRICAN STUDIES,2018
Working smarter not harder: Coupling implementation to de-implementation,HEALTHCARE-THE JOURNAL OF DELIVERY SCIENCE AND INNOVATION,2018
Learning-Dependent and -Independent Enhancement of Mitral/Tufted Cell,JOURNAL OF NEUROSCIENCE,2018
Empirical and conceptual investigation of de-implementation of low-value,IMPLEMENTATION SCIENCE,2018
Unlearning of Mixed States in the Hopfield Model -Extensive Loading,JOURNAL OF THE PHYSICAL SOCIETY OF JAPAN,2018
Computationally Developed Sham Stimulation Protocol for Multichannel,FRONTIERS IN PHYSIOLOGY,2018
The conceptual critique of innateness,PHILOSOPHY COMPASS,2018
Putting into practice error management theory: Unlearning and learning,APPLIED ERGONOMICS,2018
How stimulation frequency and intensity impact on the long-lasting,PLOS COMPUTATIONAL BIOLOGY,2018
THE DYNAMICS OF EPISTEMOLOGICAL DECOLONISATION IN THE 21ST CENTURY:,STRATEGIC REVIEW FOR SOUTHERN AFRICA,2018
Surgical drains: what is still unlearned in everyday practice?,ANZ JOURNAL OF SURGERY,2018
Short-Term Dosage Regimen for Stimulation-Induced Long-Lasting,FRONTIERS IN PHYSIOLOGY,2018
Event segmentation protects emotional memories from competing,NATURE HUMAN BEHAVIOUR,2018
UNLEARNING IMPLICIT SOCIAL BIASES DURING SLEEP: A FAILURE TO REPLICATE,SLEEP,2018
Learning and Unlearning: Some Reflections on Feminist Praxis and,RELIGIONS,2018
Illusory Motion Reproduced by Deep Neural NetworksTrained for Prediction,FRONTIERS IN PSYCHOLOGY,2018
The Ultimate Star Wars and Philosophy: You Must Unlearn What You Have,INSIGHT TURKEY,2018
UNLEARNING COLONIAL IDENTITIES WHILE ENGAGING IN RELATIONALITY: SETTLER,MCGILL JOURNAL OF EDUCATION,2018
Victorian Designs of Industrial Desire,CAHIERS VICTORIENS & EDOUARDIENS,2018
"Goal orientation, critical reflection, and unlearning: An",HUMAN RESOURCE DEVELOPMENT QUARTERLY,2018
"Paper presentation: Reconfiguring objects, reconfiguring meanings",INTERNATIONAL JOURNAL OF EDUCATION THROUGH ART,2018
Post-Entry Diversification in a Shifting Institutional Environment: How,JOURNAL OF SMALL BUSINESS MANAGEMENT,2018
Multisensory enhancement elicited by unconscious visual stimuli,EXPERIMENTAL BRAIN RESEARCH,2018
The Production of Urban Space by Violence and its Aftermath in Jakarta,ETHNOS,2018
A Fuzzy Restricted Boltzmann Machine: Novel Learning Algorithms Based on,IEEE TRANSACTIONS ON FUZZY SYSTEMS,2018
How the dual process model of human cognition can inform efforts to,JOURNAL OF EVALUATION IN CLINICAL PRACTICE,2018
Quantitative learning strategies based on word networks,PHYSICA A-STATISTICAL MECHANICS AND ITS APPLICATIONS,2018
Cross-Cultural Interaction: What We Know and What We Need to Know,"ANNUAL REVIEW OF ORGANIZATIONAL PSYCHOLOGY AND ORGANIZATIONAL BEHAVIOR,",2018
Action learning through radio: exploring conceptual views and lived,ACTION LEARNING,2018
Unlearning how we think,HOW TO SAVE POLITICS IN A POST-TRUTH ERA: Thinking through Difficult,2018
Organizational unlearning: time to expand our horizons?,LEARNING ORGANIZATION,2018
Stretching of roots contributes to the pathophysiology of,JOINT BONE SPINE,2018
A mixed-methods analysis of mediator socialization through training,INTERNATIONAL JOURNAL OF CONFLICT MANAGEMENT,2018
Efficient Repair of Polluted Machine Learning Systems via Causal,PROCEEDINGS OF THE 2018 ACM ASIA CONFERENCE ON COMPUTER AND,2018
Blended skills and future roles of librarians,LIBRARY MANAGEMENT,2018
Rethinking environmental science education from indigenous knowledge,ENVIRONMENTAL EDUCATION RESEARCH,2018
BELONGING: Transformation through Education,MEREON MATRIX: EVERYTHING CONNECTED THROUGH (K)NOTHING,2018
International marketing and intra-cultural heterogeneity,ASIA PACIFIC JOURNAL OF MARKETING AND LOGISTICS,2018
"Work Becomes Play: Toy Design, Creative Play, and Unlearning in the","CHILDHOOD BY DESIGN: TOYS AND THE MATERIAL CULTURE OF CHILDHOOD,",2018
UNLEARNING SHAKESPEARE STUDIES: SPECULATIVE CRITICISM AND THE PLACE OF,RE-CREATING SHAKESPEARE,2018
Crisis in US Health Care: Corporate Power Still Blocks Reform,INTERNATIONAL JOURNAL OF HEALTH SERVICES,2018
Not unlearning to care - positive moral development as a cornerstone of,JOURNAL OF PEACE EDUCATION,2018
An exploration of unlearning of practicing civil engineers,2018 IEEE FRONTIERS IN EDUCATION CONFERENCE (FIE),2018
"Reset the heart: Unlearning violence, relearning hope",RELIGIOUS EDUCATION,2018
3D HUMAN POSE ESTIMATION USING STOCHASTIC OPTIMIZATION IN REAL TIME,2018 25TH IEEE INTERNATIONAL CONFERENCE ON IMAGE PROCESSING (ICIP),2018
Countering the forgetting effect in mixed-model manual assembly,IFAC PAPERSONLINE,2018
"Reset the Heart: Unlearning Violence, Relearning Hope",PNEUMA,2018
Practicing Resistance: Teacher Responses to Intergroup Aggression in the,EQUITY & EXCELLENCE IN EDUCATION,2018
From selling to managing strategic customers - a competency analysis,JOURNAL OF PERSONAL SELLING & SALES MANAGEMENT,2018
Tensor calculus: unlearning vector calculus,INTERNATIONAL JOURNAL OF MATHEMATICAL EDUCATION IN SCIENCE AND,2018
Top View Person Detection and Counting for Low Compute Embedded,PROCEEDINGS OF 2018 THE 2ND INTERNATIONAL CONFERENCE ON VIDEO AND IMAGE,2018
Managers and organizational forgetting: a synthesis,LEARNING ORGANIZATION,2018
The Effect of Absorptive Capacity on Green Customer Capital under an,SUSTAINABILITY,2018
Effects of team unlearning on employee creativity The mediating effect,JOURNAL OF WORKPLACE LEARNING,2018
"JOB-EMBEDDED, COLLABORATIVE AND REFLECTIVE PROFESSIONAL DEVELOPMENT FOR",SOUTH AFRICAN JOURNAL OF HIGHER EDUCATION,2018
Unlearning overgenerated be through data-driven learning in the,RECALL,2018
Working toward a socially just curriculum in South Africa: A,JOURNAL OF EDUCATION,2018
Generalization of ANN Model in Classifying Stance and Swing Phases of,2018 IEEE-EMBS CONFERENCE ON BIOMEDICAL ENGINEERING AND SCIENCES,2018
"Unlearning a Commitment to the ""We"" in a Transnational Feminist","ENGAGING YOUTH IN ACTIVISM, RESEARCH, AND PEDAGOGICAL PRAXIS:",2018
An Improved ABC Algorithm Based on Initial Population and Neighborhood,IFAC PAPERSONLINE,2018
Knowledge and Unlearning in the Poetry of Koleka Putuma and Sindiswa,SCRUTINY2-ISSUES IN ENGLISH STUDIES IN SOUTHERN AFRICA,2018
Type-2 Fuzzy Logic Induced Gesture Recognition for Robot Task Planning,2018 IEEE SYMPOSIUM SERIES ON COMPUTATIONAL INTELLIGENCE (IEEE SSCI),2018
Unlearning and the learning organization: revisited and expanded,LEARNING ORGANIZATION,2018
Unlearning and Patient Safety,"MANAGING IMPROVEMENT IN HEALTHCARE: ATTAINING, SUSTAINING AND SPREADING",2018
MAPPING FIRST-YEAR STUDENTS' CONCERNS TO THE NEEDS OF THE 21ST CENTURY,"12TH INTERNATIONAL TECHNOLOGY, EDUCATION AND DEVELOPMENT CONFERENCE",2018
Asia in international relations: unlearning imperial power relations,STRATEGIC ANALYSIS,2018
Uncovering the Skills That Preservice Teachers Bring to Teacher,JOURNAL OF TEACHER EDUCATION,2018
'My aunt was always doing wild things': the long-term impact of,THEATRE DANCE AND PERFORMANCE TRAINING,2018
Responding to business model innovation: organizational unlearning and,LEARNING ORGANIZATION,2018
Learning in a Continuous-Valued Attractor Network,2018 17TH IEEE INTERNATIONAL CONFERENCE ON MACHINE LEARNING AND,2018
Deferring to the 'unlearned' friend: professional ethics and the,LEGAL ETHICS,2018
News and relations Highlighted textual labels in the titles of early,SOCIOCULTURAL DIMENSIONS OF LEXIS AND TEXT IN THE HISTORY OF ENGLISH,2018
Historical Legacies and Leaders' Worldviews Communist Party History and,CHINA PERSPECTIVES,2018
WALKING MY TALK Taking Action to Learn/Relearn/Unlearn towards Engaged,"ACTIONS OF THEIR OWN TO LEARN: STUDIES IN KNOWING, ACTING, AND BEING",2018
Reinforcing Coherence for Sequence to Sequence Model in Dialogue,PROCEEDINGS OF THE TWENTY-SEVENTH INTERNATIONAL JOINT CONFERENCE ON,2018
Coding Tactile Symbols for Phonemic Communication,PROCEEDINGS OF THE 2018 CHI CONFERENCE ON HUMAN FACTORS IN COMPUTING,2018
Unlearn What You Have Learned: Adaptive Crowd Teaching with,KDD'18: PROCEEDINGS OF THE 24TH ACM SIGKDD INTERNATIONAL CONFERENCE ON,2018
"Learning Biases Underlie ""Universals'' in Avian Vocal Sequencing",CURRENT BIOLOGY,2017
Neurofeedback for Tinnitus Treatment - Review and Current Concepts,FRONTIERS IN AGING NEUROSCIENCE,2017
Social Fear Conditioning Paradigm in Virtual Reality: Social vs.,FRONTIERS IN PSYCHOLOGY,2017
New fuzzy method for improving the precision of productivity predictions,NEURAL COMPUTING & APPLICATIONS,2017
Unlearning in managing wicked biodiversity problems,LANDSCAPE AND URBAN PLANNING,2017
Changes in balance coordination and transfer to an unlearned balance,EXPERIMENTAL BRAIN RESEARCH,2017
The changing hydrology of a dammed Amazon,SCIENCE ADVANCES,2017
Intergenerational associations in numerical approximation and,DEVELOPMENTAL SCIENCE,2017
Pulse: From Death to Resurrection and Back Again,QUALITATIVE INQUIRY,2017
Infants' and Children's Salt Taste Perception and Liking: A Review,NUTRIENTS,2017
Mapping children's and adolescents' judgment rules for assessing the,INFANT AND CHILD DEVELOPMENT,2017
Does hydroelectric reservoirs affect the structure of surrounding tree,BRAZILIAN JOURNAL OF BOTANY,2017
Transitive Inference in Humans (Homo sapiens) and Rhesus Macaques,JOURNAL OF COMPARATIVE PSYCHOLOGY,2017
Learning and Judgment Can Be Affected by Predisposed Fearfulness in,FRONTIERS IN VETERINARY SCIENCE,2017
Individual recognition of opposite sex vocalizations in the zebra finch,SCIENTIFIC REPORTS,2017
Deficits in Approximate Number System Acuity and Mathematical Abilities,FRONTIERS IN PSYCHOLOGY,2017
Learning and unlearning dignity in care: Experiential and experimental,NURSE EDUCATION IN PRACTICE,2017
RECOVERING A CONFUCIAN CONCEPTION OF HUMAN NATURE: A CHALLENGE TO THE,ACTA KOREANA,2017
Unlearning: A messy and complex journey with Canadian Foreign Policy,INTERNATIONAL JOURNAL,2017
New Learning or Unlearning: Computational Heterogeneity in Extinction,BIOLOGICAL PSYCHIATRY,2017
A model for evolution of overlapping community networks,PHYSICA A-STATISTICAL MECHANICS AND ITS APPLICATIONS,2017
"Measuring the ""gift': epistemological and ontological differences",HIGHER EDUCATION RESEARCH & DEVELOPMENT,2017
UNLEARNING ASSUMPTIONS - LESSONS FROM MENTORING RURAL TRAINEES,AUSTRALIAN AND NEW ZEALAND JOURNAL OF PSYCHIATRY,2017
TOWARD A THEORETICAL ROLE FOR TONIC NOREPINEPHRINE IN THE ORBITOFRONTAL,NEUROSCIENCE,2017
The physician's experience of changing clinical practice: a struggle to,IMPLEMENTATION SCIENCE,2017
Linking an unlearning context with firm performance through human,EUROPEAN RESEARCH ON MANAGEMENT AND BUSINESS ECONOMICS,2017
Indirect Effects of Organisational Unlearning in Firm Performance,PROCEEDINGS OF THE 18TH EUROPEAN CONFERENCE ON KNOWLEDGE MANAGEMENT,2017
ASIA IN INTERNATIONAL RELATIONS Unlearning Imperial Power Relations,ASIA IN INTERNATIONAL RELATIONS: UNLEARNING IMPERIAL POWER RELATIONS,2017
ACTIVE JUDGING AND ACCESS TO JUSTICE,NOTRE DAME LAW REVIEW,2017
Promoting Intentional Unlearning though an Unlearning Curve,PROCEEDINGS OF THE 14TH INTERNATIONAL CONFERENCE ON INTELLECTUAL,2017
Brazil's Belo Monte Dam: Lessons of an Amazonian resource struggle,ERDE,2017
Unlearning and learning,REMAKING CITIES: AN INTRODUCTION TO URBAN METROFITTING,2017
"""You May Find Yourselves Changed in Unexpected Ways:"" Literature and",LAW & LITERATURE,2017
Unlearning before creating new knowledge: A cognitive process,PROCEEDINGS OF THE 50TH ANNUAL HAWAII INTERNATIONAL CONFERENCE ON SYSTEM,2017
Perceptions of successful unlearning in hearing aid practioners,PROCEEDINGS OF THE 50TH ANNUAL HAWAII INTERNATIONAL CONFERENCE ON SYSTEM,2017
"NEGOTIATED ""CHINESENESS"" AND DIVIDED LOYALTIES: MY AMERICAN GRANDSON",CRITICAL ARTS-SOUTH-NORTH CULTURAL AND MEDIA STUDIES,2017
A CONCEPTUAL FRAMEWORK FOR A SOFTWARE DEVELOPMENT PROCESS BASED ON,"INTED2017: 11TH INTERNATIONAL TECHNOLOGY, EDUCATION AND DEVELOPMENT",2017
Unlearning the colonial cultures of planning,AUSTRALIAN GEOGRAPHER,2017
'Sincere Simplicity': Gerbrand Bredero's Apprenticeship with Coornhert,DUTCH CROSSING-JOURNAL OF LOW COUNTRIES STUDIES,2017
Combined algorithm for improvement of fused radar and optical data,JOURNAL OF ELECTRONIC IMAGING,2017
"Wives of Commoners and the Masculinity of the Rabbis: Jokes, Serious",JOURNAL FOR THE STUDY OF JUDAISM,2017
Letting go of the old: (un)deliberate knowledge loss in product,IFKAD 2017: 12TH INTERNATIONAL FORUM ON KNOWLEDGE ASSET DYNAMICS:,2017
Unlearning to Learn,BUILDING THE INTENTIONAL UNIVERSITY: MINERVA AND THE FUTURE OF HIGHER,2017
Embracing Innovation and Creativity through the Capacity of Unlearning,HANDBOOK OF RESEARCH ON HUMAN RESOURCES STRATEGIES FOR THE NEW,2017
The Tropes of Unlearning: UK Responses to Outsourcing Fiascos,DEATH OF PUBLIC KNOWLEDGE?: HOW FREE MARKETS DESTROY THE GENERAL,2017
A novel hidden Markov model-based pattern discrimination method with the,2017 39TH ANNUAL INTERNATIONAL CONFERENCE OF THE IEEE ENGINEERING IN,2017
Learning-Induced Metaplasticity? Associative Training for Early Odor,CEREBRAL CORTEX,2017
Accelerate Information Interpretation in the Organizational Failure,KNOWLEDGE-BASED AND INTELLIGENT INFORMATION & ENGINEERING SYSTEMS,2017
Attempts at Regional Mobilisation in a Unitary State: Two Decades of,REVOLUTIONIZING ECONOMIC AND DEMOCRATIC SYSTEMS: REINVENTING THE THIRD,2017
Teaching Sustainable Collection Care,JOURNAL OF THE AMERICAN INSTITUTE FOR CONSERVATION,2017
Unlearning With Hannah Study as a Curriculum of Second Thoughts<bold>,RECONCEPTUALIZING STUDY IN EDUCATIONAL DISCOURSE AND PRACTICE,2017
"Empowering ""Digital Immigrants"": Challenges and Solutions",FACILITATING IN-SERVICE TEACHER TRAINING FOR PROFESSIONAL DEVELOPMENT,2017
Left-handers' struggle in a rightward wor(l)d: The relation between,LATERALITY,2017
Organizational unlearning and knowledge transfer in cross-border M&A:,JOURNAL OF KNOWLEDGE MANAGEMENT,2017
"BLOW BITS: CREATIVE PLAYGROUNDS, GAMIFICATION AND VIRTUOSITY WITH HYBRID",DS87-8 PROCEEDINGS OF THE 21ST INTERNATIONAL CONFERENCE ON ENGINEERING,2017
Asia in International Relations: Unlearning Imperial Power Relations,ASIA IN INTERNATIONAL RELATIONS: UNLEARNING IMPERIAL POWER RELATIONS,2017
Strongly non-U-shaped language learning results by general techniques,INFORMATION AND COMPUTATION,2016
Embedding a back propagation network into fuzzy c-means for estimating,JOURNAL OF AMBIENT INTELLIGENCE AND HUMANIZED COMPUTING,2016
Scenes of violence and sex in recent award-winning LGBT-themed young,DISCOURSE-STUDIES IN THE CULTURAL POLITICS OF EDUCATION,2016
Perceived reasons for changes in the use of wild food plants in,APPETITE,2016
How fear-relevant illusory correlations might develop and persist in,JOURNAL OF ANXIETY DISORDERS,2016
Novel Discretized Weak Estimators Based on the Principles of the,IEEE Transactions on Cybernetics,2016
Naive Chicks Prefer Hollow Objects,PLOS ONE,2016
Synaptic Plasticity: The Role of Learning and Unlearning in Addiction,BIOLOGICAL PSYCHIATRY,2016
The Case for Unlearning,INTERNATIONAL JOURNAL OF PROSTHODONTICS,2016
Incremental maximum margin clustering,PATTERN ANALYSIS AND APPLICATIONS,2016
"Time course of colour-word contingency learning: Practice curves,",LEARNING AND MOTIVATION,2016
Leaning In to Discomfort: Preparing Literacy Teachers for Gender and,RESEARCH IN THE TEACHING OF ENGLISH,2016
Unlearning Our Helplessness - Coexisting Serious Mental and Medical,NEW ENGLAND JOURNAL OF MEDICINE,2016
"Current and Remembered Past Uses of Wild Food Plants in Saaremaa,",ECONOMIC BOTANY,2016
Online Visual Feedback during Error-Free Channel Trials Leads to Active,FRONTIERS IN HUMAN NEUROSCIENCE,2016
Forget unlearning? How an empirically unwarranted concept from,MANAGEMENT LEARNING,2016
Unlearn'd,HUDSON REVIEW,2016
Traces of An Early Learned Second Language in Discontinued Bilingualism,LANGUAGE LEARNING,2016
"Belief in Race as Biological: Early Life Influences, Intergroup",RACE AND SOCIAL PROBLEMS,2016
Robotic Surgery Simulator: Elements to Build a Training Program,JOURNAL OF SURGICAL EDUCATION,2016
Physiological and behavioral responses in Drosophila melanogaster to,PHYSIOLOGY & BEHAVIOR,2016
A theory of de-implementation based on the theory of healthcare,IMPLEMENTATION SCIENCE,2016
THE DIFFERENCES OF MORPHOLOGICAL CHANGES IN THE LEVATOR ANI MUSCLE IN,NEUROUROLOGY AND URODYNAMICS,2016
Simultaneous Detection of c-Fos Activation from Mesolimbic and,JOVE-JOURNAL OF VISUALIZED EXPERIMENTS,2016
Template optimization and transfer in perceptual learning,JOURNAL OF VISION,2016
How Existing Organizational Practices Affect the Transfer of Practices,MANAGEMENT INTERNATIONAL REVIEW,2016
Lateral occipitotemporal cortex (LOTC) activity is greatest while,EXPERIMENTAL BRAIN RESEARCH,2016
Learned Helplessness at Fifty: Insights From Neuroscience,PSYCHOLOGICAL REVIEW,2016
Unlearning contextual information by removing irrelevant information,INTERNATIONAL JOURNAL OF PSYCHOLOGY,2016
Environmental disturbances and fishes in the Amazon,JOURNAL OF FISH BIOLOGY,2016
Exploring the Use of Sensorial LTP/LTD-Like Stimulation to Modulate,PLOS ONE,2016
THE EFFECTS OF TEXTUAL ENHANCEMENT ON THE ACQUISITION OF TWO NONPARALLEL,STUDIES IN SECOND LANGUAGE ACQUISITION,2016
"What Do We Need to Protect, at All Costs, During the 21st Century?",JOURNAL OF CONTINUING EDUCATION IN THE HEALTH PROFESSIONS,2016
Unlearning Troubled Business Models: From Realization to Marginalization,LONG RANGE PLANNING,2016
An archival feminist pedagogy: unlearning and objects as affective,CONTINUUM-JOURNAL OF MEDIA & CULTURAL STUDIES,2016
Revisiting Zipfian Frequency: L2 Acquisition of English Prenominal Past,MODERN LANGUAGE JOURNAL,2016
Anti-kindling Induced by Two-Stage Coordinated Reset Stimulation with,FRONTIERS IN COMPUTATIONAL NEUROSCIENCE,2016
New Learning and Unlearning Strangers or Accomplices in Threat Memory,TRENDS IN NEUROSCIENCES,2016
Matrix approach to decision-theoretic rough sets for evolving data,KNOWLEDGE-BASED SYSTEMS,2016
The Last Days of Mankind,PAJ-A JOURNAL OF PERFORMANCE AND ART,2016
Acquisition of the Cardinal Principle Coincides with Improvement in,PLOS ONE,2016
Towards a science of eating disorders: Replacing myths with realities:,NORDIC JOURNAL OF PSYCHIATRY,2016
A world where all worlds cohabit,JOURNAL OF ENVIRONMENTAL EDUCATION,2016
The Past Is aaEuro broken vertical bar Native Land?,SOCIETY,2016
L-type Ca2+ channel blockade with antihypertensive medication disrupts,MOLECULAR PSYCHIATRY,2016
"Climate change governance: history, future, and triple-loop learning?",WILEY INTERDISCIPLINARY REVIEWS-CLIMATE CHANGE,2016
Unlearning the Soviet Tongue: Discursive Practices of a Democratizing,JOURNALISM & MASS COMMUNICATION QUARTERLY,2016
Beyond the Medial Regions of Prefrontal Cortex in the Regulation of Fear,FRONTIERS IN SYSTEMS NEUROSCIENCE,2016
On stopping doing those things that are not getting us to where we want,HUMAN RELATIONS,2016
"Teaching, Troubling, Transgressing: Thinking With Theory in a",QUALITATIVE INQUIRY,2016
Students' acquisition of a threshold concept in childhood and youth,INNOVATIONS IN EDUCATION AND TEACHING INTERNATIONAL,2016
Recognizing Subjects Who are Learned How to Write with Foot From,2016 23RD IRANIAN CONFERENCE ON BIOMEDICAL ENGINEERING AND 2016 1ST,2016
RECOGNIZING AND UNLEARNING INTERNALIZED OPPRESSION,INTEGRATING MINDFULNESS INTO ANTI-OPPRESSION PEDAGOGY: SOCIAL JUSTICE IN,2016
"The Intimate Schoolmaster and the Ignorant Sifu: Poststructuralism,",PHILOSOPHY AND RHETORIC,2016
REALISING THE DREAM: UNLEARNING THE LOGIC OF RACE IN THE SOUTH AFRICAN,EDUCATION AS CHANGE,2016
Linking Unlearning with Work-Life Balance: An Initial Empirical,JOURNAL OF SMALL BUSINESS MANAGEMENT,2016
Linking counter-knowledge to goal orientation through an unlearning,LEARNING AND INDIVIDUAL DIFFERENCES,2016
When are Real-Time Feedback Loops Most Valuable? New Insights from,PROCEEDINGS OF THE 49TH ANNUAL HAWAII INTERNATIONAL CONFERENCE ON SYSTEM,2016
Expert improvisers in Western classical music learning pathways,THINKING SKILLS AND CREATIVITY,2016
Untology,PHILOSOPHY AND RHETORIC,2016
Machine Learning and Unlearning to Autonomously Switch Between the,2016 6TH IEEE INTERNATIONAL CONFERENCE ON BIOMEDICAL ROBOTICS AND,2016
Environmental and Social Impacts of Hydroelectric Dams in Brazilian,WORLD DEVELOPMENT,2016
Unlearning with technology,INTERACTIVE LEARNING ENVIRONMENTS,2016
Does Incomplete Unlearning Impact Medical Errors?,PROCEEDINGS OF THE 49TH ANNUAL HAWAII INTERNATIONAL CONFERENCE ON SYSTEM,2016
Patterns of selectiveness in the Amazonian freshwater fisheries:,JOURNAL OF ENVIRONMENTAL PLANNING AND MANAGEMENT,2016
A New Method to Improve Classification Accuracy of Fused RADAR and,2016 6TH INTERNATIONAL CONFERENCE ON COMPUTER AND KNOWLEDGE ENGINEERING,2016
An Incremental Learner for Language-Based Anomaly Detection in XML,2016 IEEE SYMPOSIUM ON SECURITY AND PRIVACY WORKSHOPS (SPW 2016),2016
Unlearning (Un)Located Ideas in the Provincialization of Urban Theory,REGIONAL STUDIES,2016
Urban and Regional Horizons,REGIONAL STUDIES,2016
"Linguistic, social and communicative aspects in Early Modern English","GENRE IN LANGUAGE, DISCOURSE AND COGNITION",2016
Children under five and digital technologies: implications for early,EUROPEAN EARLY CHILDHOOD EDUCATION RESEARCH JOURNAL,2016
Unlearning Anxieties of the Unfamiliar: Teaching Advanced Sociological,INTERNATIONAL JOURNAL OF ENGINEERING EDUCATION,2016
Un-What?,PHILOSOPHY AND RHETORIC,2016
What Have We Unlearned Since the Early Days of the Process Movement?,"ENTERPRISE, BUSINESS-PROCESS AND INFORMATION SYSTEMS MODELING, BPMDS",2016
The use of astronomy questions as an instrument to detect student's,"INTERNATIONAL SYMPOSIUM ON SUN, EARTH, AND LIFE (ISSEL), 2016",2016
A learning algorithm for a Data-driven Controller based on Fictitious,2016 INTERNATIONAL JOINT CONFERENCE ON NEURAL NETWORKS (IJCNN),2016
Robust Non-Intrusive Load Monitoring (NILM) with Unknown Loads,2016 IEEE INTERNATIONAL CONFERENCE ON INFORMATION AND AUTOMATION FOR,2016
Unlearning International Relations (IR): Disciplinary and Academic,GLOBALIZING INTERNATIONAL RELATIONS: SCHOLARSHIP AMIDST DIVIDES AND,2016
Plasticity of Fear and Safety Neurons of the Amygdala in Response to,FRONTIERS IN BEHAVIORAL NEUROSCIENCE,2015
Origins of Knowledge: Insights from Precocial Species,FRONTIERS IN BEHAVIORAL NEUROSCIENCE,2015
The Shaping of Postcollege Colorblind Orientation Among Whites:,HARVARD EDUCATIONAL REVIEW,2015
Does Testing With Feedback Improve Adult Spelling Skills Relative to,JOURNAL OF EXPERIMENTAL PSYCHOLOGY-APPLIED,2015
Unlearning the Colonial Cultures of Planning.,JOURNAL OF PLANNING EDUCATION AND RESEARCH,2015
"Physicians and alternative medicines in ""The Barber of Seville"" by",EUROPEAN JOURNAL OF INTERNAL MEDICINE,2015
Drift in children's categories: when experienced distributions conflict,DEVELOPMENTAL SCIENCE,2015
Dopamine D1 and opioid receptor antagonists differentially reduce the,PHYSIOLOGY & BEHAVIOR,2015
Sex differences in the representation of call stimuli in a songbird,FRONTIERS IN BEHAVIORAL NEUROSCIENCE,2015
Unsupervised feature learning based on sparse coding and spectral,IET COMPUTER VISION,2015
Cognitive foundations of organizational learning: re-introducing the,FRONTIERS IN PSYCHOLOGY,2015
Commentary: Unlearning implicit social biases during sleep,FRONTIERS IN PSYCHOLOGY,2015
Cross-modal Interactions between Color and Texture of Food,PSYCHOLOGY & MARKETING,2015
Individual differences in learning predict the return of fear,LEARNING & BEHAVIOR,2015
'Unlearning' addiction,LAB ANIMAL,2015
Learning (and unlearning) from failures: 30 years on from Bhopal to,PROCESS SAFETY AND ENVIRONMENTAL PROTECTION,2015
Semisupervised ECG Ventricular Beat Classification With Novelty,IEEE TRANSACTIONS ON BIOMEDICAL ENGINEERING,2015
"Moral Injury, Soul Repair, and Creating a Place for Grace",RELIGIOUS EDUCATION,2015
Visual Choice Behavior by Bumblebees (Bombus impatiens) Confirms,JOURNAL OF COMPARATIVE PSYCHOLOGY,2015
Unsupervised Neural Network Quantifies the Cost of Visual Information,PLOS ONE,2015
"Neonatal handling decreases unconditioned anxiety, conditioned fear, and",FRONTIERS IN BEHAVIORAL NEUROSCIENCE,2015
"The Metier of Living: Art, Genocide, and Education",QUALITATIVE INQUIRY,2015
Linking unlearning with service quality through learning processes in,JOURNAL OF BUSINESS RESEARCH,2015
Teaching and Generalizing Pretend Play in Children with Autism Using,BEHAVIORAL INTERVENTIONS,2015
Overcoming knowledge loss through the utilization of an unlearning,JOURNAL OF BUSINESS RESEARCH,2015
Brain activity associated with illusory correlations in animal phobia,SOCIAL COGNITIVE AND AFFECTIVE NEUROSCIENCE,2015
HOW I SHED MY SKIN Unlearning the Racist Lessons of a Southern Childhood,NEW YORK TIMES BOOK REVIEW,2015
TT Cloete and the subaltern,TYDSKRIF VIR GEESTESWETENSKAPPE,2015
Fear conditioning with film clips: A complex associative learning,JOURNAL OF BEHAVIOR THERAPY AND EXPERIMENTAL PSYCHIATRY,2015
Two ways to save a newly learned motor pattern,JOURNAL OF NEUROPHYSIOLOGY,2015
Unlearning implicit social biases during sleep,SCIENCE,2015
Eavesdropping on heterospecific alarm calls: from mechanisms to,BIOLOGICAL REVIEWS,2015
Cocaine use severity and cerebellar gray matter are associated with,ADDICTION BIOLOGY,2015
The rise and fall of the L-shaped morphome: diachronic and experimental,PROBUS,2015
Social conditioning and extinction paradigm: a translational study in,FRONTIERS IN PSYCHOLOGY,2015
"Organizational unlearning, innovation outcomes, and performance: The",JOURNAL OF BUSINESS RESEARCH,2015
Linking unlearning with quality of health services through knowledge,JOURNAL OF BUSINESS RESEARCH,2015
From the Self to the Not-self: The Road for the Cultivation of the Mind,FOREIGN LITERATURE STUDIES,2015
Learned face-voice pairings facilitate visual search,PSYCHONOMIC BULLETIN & REVIEW,2015
Trading off short-term costs for long-term gains: how do bumblebees,ANIMAL BEHAVIOUR,2015
Management with a Frame of Mind for Systemic Thinking: A Conceptual,SYSTEMS RESEARCH AND BEHAVIORAL SCIENCE,2015
Roots of a social brain: Developmental models of emerging,NEUROSCIENCE AND BIOBEHAVIORAL REVIEWS,2015
Rethinking the Analysis of Non-Normal Data in Plant and Soil Science,AGRONOMY JOURNAL,2015
The Spacing Principle for Unlearning Abnormal Neuronal Synchrony,PLOS ONE,2015
The cost of blocking the mirror generalization process in reading:,PSYCHONOMIC BULLETIN & REVIEW,2015
'Cantar por uso' and 'cantar fabordon': the 'unlearned' tradition of,EARLY MUSIC,2015
Unlearning of Mixed States in the Hopfield Model -Finite Loading Case-,JOURNAL OF THE PHYSICAL SOCIETY OF JAPAN,2015
Linking the Intentional Unlearning With Human Capital,PROCEEDINGS OF THE 7TH EUROPEAN CONFERENCE ON INTELLECTUAL CAPITAL (ECIC,2015
Development Economics and Method: A Quarter Century of ABCDE,WORLD BANK ECONOMIC REVIEW,2015
Getting It Right: A Paradigm for the Education of Chemists,SPUTNIK TO SMARTPHONES: A HALF-CENTURY OF CHEMISTRY EDUCATION,2015
"Practical, Office-based Interventions That Improve Care Today",JOURNAL OF THE AMERICAN BOARD OF FAMILY MEDICINE,2015
The Golden Country,TIME AND ACTION IN THE SCOTTISH INDEPENDENCE REFERENDUM,2015
Computer System Unlearning in Individuals,2015 48TH HAWAII INTERNATIONAL CONFERENCE ON SYSTEM SCIENCES (HICSS),2015
Afterword: Mobile Desires,MOBILE DESIRES: THE POLITICS AND EROTICS OF MOBILITY JUSTICE,2015
PROBABILISTIC MULTI-PERSON TRACKING USING DYNAMIC BAYES NETWORKS,ISPRS GEOSPATIAL WEEK 2015,2015
Learning from failures: The case of Deepwater Horizon disaster,SAFETY AND RELIABILITY: METHODOLOGY AND APPLICATIONS,2015
UNLEARNING,STORM OF CREATIVITY,2015
Digital cultures of commemoration Learning and unlearning history,2015 20TH INTERNATIONAL CONFERENCE ON CONTROL SYSTEMS AND COMPUTER,2015
